PlayerID,PlayerName,College,Nationality,Height,Weight,Position,DraftYear,DraftRound,DraftPick
1628960,Grayson Allen,Duke,USA,6-4,198,Guard,2018,1,21
203507,Giannis Antetokounmpo,Filathlitikos,Greece,7-0,243,Forward,2013,1,15
1629651,Nic Claxton,Georgia,USA,6-11,215,Center,2019,2,31
201935,James Harden,Arizona State,USA,6-5,220,Guard,2009,1,3
201572,Brook Lopez,Stanford,USA,7-1,282,Center,2008,1,10
201142,Kevin Durant,Texas,USA,6-10,240,Forward,2007,1,2
203925,Joe Harris,Virginia,USA,6-6,220,Guard-Forward,2014,2,33
203114,Khris Middleton,Texas A&M,USA,6-7,222,Forward,2012,2,39
201950,Jrue Holiday,UCLA,USA,6-5,205,Guard,2009,1,17
1626192,Pat Connaughton,Notre Dame,USA,6-5,209,Guard,2015,2,41
201933,Blake Griffin,Oklahoma,USA,6-9,250,Forward,2009,1,1
200746,LaMarcus Aldridge,Texas-Austin,USA,6-11,250,Center-Forward,2006,1,2
1628975,Jevon Carter,West Virginia,USA,6-1,200,Guard,2018,2,32
201988,Patty Mills,St. Mary's,Australia,6-0,180,Guard,2009,2,55
203648,Thanasis Antetokounmpo,Panathinaikos,Greece,6-7,219,Forward,2014,2,51
1629670,Jordan Nwora,Louisville,USA,6-9,225,Forward,2020,2,45
201588,George Hill,Indiana-Purdue Indianapolis,USA,6-4,188,Guard,2008,1,26
1630572,Sandro Mamukelashvili,Seton Hall,Georgia,6-10,240,Forward-Center,2021,2,54
1629620,Justin Robinson,Virginia Tech,USA,6-1,195,Guard,Undrafted,Undrafted,Undrafted
1630560,Cam Thomas,Louisiana State,Japan,6-3,210,Guard,2021,1,27
201949,James Johnson,Wake Forest,USA,6-7,240,Forward,2009,1,16
1630686,Georgios Kalaitzakis,                                   ,Greece,6-7,192,Forward,2021,2,60
201599,DeAndre Jordan,Texas A&M,USA,6-11,265,Center,2008,2,35
1626172,Kevon Looney,UCLA,USA,6-9,222,Forward,2015,1,30
1629673,Jordan Poole,Michigan,USA,6-4,194,Guard,2019,1,28
203076,Anthony Davis,Kentucky,USA,6-10,253,Forward-Center,2012,1,1
201566,Russell Westbrook,UCLA,USA,6-3,200,Guard,2008,1,4
201939,Stephen Curry,Davidson,USA,6-2,185,Guard,2009,1,7
203110,Draymond Green,Michigan State,USA,6-6,230,Forward,2012,2,35
203145,Kent Bazemore,Old Dominion,USA,6-4,195,Guard-Forward,Undrafted,Undrafted,Undrafted
2544,LeBron James,St. Vincent-St. Mary HS (OH),USA,6-9,250,Forward,2003,1,1
203952,Andrew Wiggins,Kansas,Canada,6-7,197,Forward,2014,1,1
1627814,Damion Lee,Drexel,USA,6-5,210,Guard-Forward,Undrafted,Undrafted,Undrafted
2738,Andre Iguodala,Arizona,USA,6-6,215,Guard-Forward,2004,1,9
2546,Carmelo Anthony,Syracuse,USA,6-7,238,Forward,2003,1,3
202357,Nemanja Bjelica,Fenerbahce,Serbia,6-9,234,Forward,2010,2,35
203490,Otto Porter Jr.,Georgetown,USA,6-8,198,Forward,2013,1,3
1630541,Moses Moody,Arkansas,USA,6-5,211,Guard,2021,1,14
200765,Rajon Rondo,Kentucky,USA,6-1,180,Guard,2006,1,21
2730,Dwight Howard,SW Atlanta Christian Academy (GA),USA,6-10,265,Center-Forward,2004,1,1
1629308,Juan Toscano-Anderson,Marquette,USA,6-6,209,Forward,Undrafted,Undrafted,Undrafted
1628370,Malik Monk,Kentucky,USA,6-3,200,Guard,2017,1,11
1627780,Gary Payton II,Oregon State,USA,6-2,195,Guard,Undrafted,Undrafted,Undrafted
202340,Avery Bradley,Texas-Austin,USA,6-3,180,Guard,2010,1,19
1627734,Domantas Sabonis,Gonzaga,Lithuania,7-1,240,Forward-Center,2016,1,11
202330,Gordon Hayward,Butler,USA,6-7,225,Forward,2010,1,9
1627763,Malcolm Brogdon,Virginia,USA,6-4,229,Guard,2016,2,36
1630163,LaMelo Ball,Illawarra,USA,6-7,180,Guard,2020,1,3
203486,Mason Plumlee,Duke,USA,7-0,254,Forward-Center,2013,1,22
1630537,Chris Duarte,Oregon,Dominican Republic,6-5,190,Guard,2021,1,13
1626167,Myles Turner,Texas,USA,6-11,250,Center-Forward,2015,1,11
1626162,Kelly Oubre Jr.,Kansas,USA,6-6,203,Forward-Guard,2015,1,15
1628970,Miles Bridges,Michigan State,USA,6-7,225,Forward,2018,1,12
203087,Jeremy Lamb,Connecticut,USA,6-5,180,Guard-Forward,2012,1,12
202397,Ish Smith,Wake Forest,USA,6-0,175,Guard,Undrafted,Undrafted,Undrafted
1629667,Jalen McDaniels,San Diego State,USA,6-9,205,Forward-Center,2019,2,52
1628998,Cody Martin,Nevada,USA,6-6,205,Forward,2019,2,36
1629023,P.J. Washington,Kentucky,USA,6-7,230,Forward,2019,1,12
204456,T.J. McConnell,Arizona,USA,6-1,190,Guard,Undrafted,Undrafted,Undrafted
1628470,Torrey Craig,South Carolina Upstate,USA,6-7,221,Forward,Undrafted,Undrafted,Undrafted
203200,Justin Holiday,Washington,USA,6-6,180,Forward-Guard,Undrafted,Undrafted,Undrafted
1628402,Frank Jackson,Duke,USA,6-3,205,Guard,2017,2,31
1628366,Lonzo Ball,UCLA,USA,6-6,190,Guard,2017,1,2
203924,Jerami Grant,Syracuse,USA,6-8,210,Forward,2014,2,39
203897,Zach LaVine,UCLA,USA,6-5,200,Guard-Forward,2014,1,13
1630180,Saddiq Bey,Villanova,USA,6-7,215,Forward,2020,1,19
1630191,Isaiah Stewart,Washington,USA,6-8,250,Forward-Center,2020,1,16
1630172,Patrick Williams,Florida State,USA,6-7,215,Forward,2020,1,4
1630165,Killian Hayes,Ratiopharm Ulm,France,6-5,195,Guard,2020,1,7
201942,DeMar DeRozan,Southern California,USA,6-6,220,Guard-Forward,2009,1,9
202696,Nikola Vucevic,Southern California,Montenegro,6-10,260,Center,2011,1,16
203482,Kelly Olynyk,Gonzaga,Canada,6-11,240,Forward-Center,2013,1,13
1627936,Alex Caruso,Texas A&M,USA,6-5,186,Guard,Undrafted,Undrafted,Undrafted
1626168,Trey Lyles,Kentucky,Canada,6-9,234,Forward,2015,1,12
202709,Cory Joseph,Texas,Canada,6-3,200,Guard,2011,1,29
1628367,Josh Jackson,Kansas,USA,6-8,207,Guard-Forward,2017,1,4
1628993,Alize Johnson,Missouri State,USA,6-8,212,Forward,2018,2,50
1628977,Hamidou Diallo,Kentucky,USA,6-5,202,Guard,2018,2,45
1630245,Ayo Dosunmu,Illinois,USA,6-5,200,Guard,2021,2,38
1629750,Javonte Green,Radford,USA,6-5,205,Guard-Forward,Undrafted,Undrafted,Undrafted
203944,Julius Randle,Kentucky,USA,6-8,250,Forward-Center,2014,1,7
202689,Kemba Walker,Connecticut,USA,6-0,184,Guard,2011,1,9
1629011,Mitchell Robinson,Western Kentucky,USA,7-0,240,Center-Forward,2018,2,36
1628369,Jayson Tatum,Duke,USA,6-8,210,Forward-Guard,2017,1,3
203935,Marcus Smart,Oklahoma State,USA,6-4,220,Guard,2014,1,6
203095,Evan Fournier,Poitiers Basket 86,France,6-6,205,Guard-Forward,2012,1,20
1627759,Jaylen Brown,California,USA,6-6,223,Guard-Forward,2016,1,3
1629057,Robert Williams III,Texas A&M,USA,6-9,237,Center-Forward,2018,1,27
1629684,Grant Williams,Tennessee,USA,6-6,236,Forward,2019,1,22
1629628,RJ Barrett,Duke,Canada,6-6,214,Forward-Guard,2019,1,3
203471,Dennis Schroder,Braunschweig,Germany,6-1,172,Guard,2013,1,17
1629641,Romeo Langford,Indiana,USA,6-5,216,Guard-Forward,2019,1,14
202692,Alec Burks,Colorado,USA,6-6,214,Guard,2011,1,12
201565,Derrick Rose,Memphis,USA,6-3,200,Guard,2008,1,1
1630193,Immanuel Quickley,Kentucky,USA,6-2,190,Guard,2020,1,25
1630202,Payton Pritchard,Oregon,USA,6-1,195,Guard,2020,1,26
1630174,Aaron Nesmith,Vanderbilt,USA,6-5,215,Guard-Forward,2020,1,14
1630167,Obi Toppin,Dayton,USA,6-9,220,Forward,2020,1,8
1627832,Fred VanVleet,Wichita State,USA,6-0,197,Guard,Undrafted,Undrafted,Undrafted
203484,Kentavious Caldwell-Pope,Georgia,USA,6-5,204,Guard,2013,1,8
201609,Goran Dragic,Union Olimpija,Slovenia,6-4,190,Guard,2008,2,45
1628398,Kyle Kuzma,Utah,USA,6-9,221,Forward,2017,1,27
1630173,Precious Achiuwa,Memphis,Nigeria,6-8,225,Forward,2020,1,20
203915,Spencer Dinwiddie,Colorado,USA,6-5,215,Guard,2014,2,38
1628384,O.G. Anunoby,Indiana,United Kingdom,6-7,232,Forward,2017,1,23
203078,Bradley Beal,Florida,USA,6-4,207,Guard,2012,1,3
1629655,Daniel Gafford,Arkansas,USA,6-10,234,Forward-Center,2019,2,38
1630567,Scottie Barnes,Florida State,USA,6-8,225,Forward,2021,1,4
1630166,Deni Avdija,Maccabi Tel Aviv,Israel,6-9,210,Forward,2020,1,9
1629018,Gary Trent Jr.,Duke,USA,6-5,209,Guard-Forward,2018,2,37
203526,Raul Neto,Murcia,Brazil,6-2,180,Guard,2013,2,47
1626149,Montrezl Harrell,Louisville,USA,6-7,240,Forward-Center,2015,2,32
1628988,Aaron Holiday,UCLA,USA,6-0,185,Guard,2018,1,23
1628449,Chris Boucher,Oregon,Saint Lucia,6-9,200,Forward-Center,Undrafted,Undrafted,Undrafted
202722,Davis Bertans,Baskonia,Latvia,6-10,225,Forward,2011,2,42
1629004,Svi Mykhailiuk,Kansas,Ukraine,6-7,205,Guard-Forward,2018,2,47
203920,Khem Birch,UNLV,Canada,6-8,233,Center,Undrafted,Undrafted,Undrafted
1630625,Dalano Banton,Nebraska,Canada,6-7,204,Forward,2021,2,46
1630596,Evan Mobley,Southern California,USA,6-11,215,Center,2021,1,3
1629630,Ja Morant,Murray State,USA,6-2,174,Guard,2019,1,2
1628386,Jarrett Allen,Texas,USA,6-9,243,Center,2017,1,22
1630217,Desmond Bane,TCU,USA,6-5,215,Guard,2020,1,30
1629001,De'Anthony Melton,Southern California,USA,6-2,200,Guard,2018,2,46
1628374,Lauri Markkanen,Arizona,Finland,7-0,240,Forward-Center,2017,1,7
1629012,Collin Sexton,Alabama,USA,6-2,190,Guard,2018,1,8
1629636,Darius Garland,Vanderbilt,USA,6-1,192,Guard,2019,1,5
203500,Steven Adams,Pittsburgh,New Zealand,6-11,265,Center,2013,1,12
1630171,Isaac Okoro,Auburn,USA,6-5,225,Forward-Guard,2020,1,5
201567,Kevin Love,UCLA,USA,6-8,251,Forward-Center,2008,1,5
201937,Ricky Rubio,FC Barcelona,Spain,6-2,190,Guard,2009,1,5
1629723,John Konchar,Indiana-Purdue Fort Wayne,USA,6-5,210,Guard,Undrafted,Undrafted,Undrafted
1626224,Cedi Osman,Anadolu Efes,Turkey,6-7,230,Forward,2015,2,31
203937,Kyle Anderson,UCLA,USA,6-9,230,Forward-Guard,2014,1,30
1630533,Ziaire Williams,Stanford,USA,6-9,185,Forward,2021,1,10
1628991,Jaren Jackson Jr.,Michigan State,USA,6-10,242,Forward-Center,2018,1,4
1626145,Tyus Jones,Duke,USA,6-2,196,Guard,2015,1,24
1629634,Brandon Clarke,Gonzaga,Canada,6-8,215,Forward,2019,1,21
1626156,D'Angelo Russell,Ohio State,USA,6-4,193,Guard,2015,1,2
1626174,Christian Wood,UNLV,USA,6-9,214,Forward,Undrafted,Undrafted,Undrafted
1630162,Anthony Edwards,Georgia,USA,6-4,225,Guard,2020,1,1
1629006,Josh Okogie,Georgia Tech,Nigeria,6-4,213,Guard,2018,1,20
1628464,Daniel Theis,Brose Bamberg,Germany,6-8,245,Forward-Center,Undrafted,Undrafted,Undrafted
1626157,Karl-Anthony Towns,Kentucky,USA,7-0,248,Center-Forward,2015,1,1
1630224,Jalen Green,NBA G League Ignite,USA,6-4,186,Guard,2021,1,2
1630256,Jae'Sean Tate,Ohio State,USA,6-5,230,Forward,Undrafted,Undrafted,Undrafted
201569,Eric Gordon,Indiana,USA,6-3,215,Guard,2008,1,7
1629645,Kevin Porter Jr.,Southern California,USA,6-4,203,Guard-Forward,2019,1,30
1629162,Jordan McLaughlin,Southern California,USA,6-0,185,Guard,Undrafted,Undrafted,Undrafted
1630578,Alperen Sengun,Besiktas,Turkey,6-11,243,Center,2021,1,16
1627736,Malik Beasley,Florida State,USA,6-4,187,Guard,2016,1,19
1627752,Taurean Prince,Baylor,USA,6-6,218,Forward,2016,1,12
201571,D.J. Augustin,Texas-Austin,USA,5-11,183,Guard,2008,1,9
1629675,Naz Reid,Louisiana State,USA,6-9,264,Center-Forward,Undrafted,Undrafted,Undrafted
1630183,Jaden McDaniels,Washington,USA,6-9,185,Forward,2020,1,28
1628021,David Nwaba,Cal Poly-Obispo,USA,6-5,219,Guard-Forward,Undrafted,Undrafted,Undrafted
1630231,Kenyon Martin Jr.,IMG Academy (FL),USA,6-7,215,Forward,2020,2,52
1629717,Armoni Brooks,Houston,USA,6-3,195,Guard,Undrafted,Undrafted,Undrafted
1630586,Usman Garuba,Real Madrid,Spain,6-8,229,Forward,2021,1,23
1630528,Josh Christopher,Arizona State,USA,6-4,215,Guard,2021,1,24
1630195,Leandro Bolmaro,FC Barcelona,Argentina,6-6,200,Forward,2020,1,23
1629669,Jaylen Nowell,Washington,USA,6-4,201,Guard,2019,2,43
1627774,Jake Layman,Maryland,USA,6-8,209,Forward,2016,2,47
1630593,McKinley Wright IV,Colorado,USA,5-11,192,Guard,Undrafted,Undrafted,Undrafted
203954,Joel Embiid,Kansas,Cameroon,7-0,280,Center-Forward,2014,1,3
1629638,Nickeil Alexander-Walker,Virginia Tech,Canada,6-5,205,Guard,2019,1,17
202699,Tobias Harris,Tennessee,USA,6-7,226,Forward,2011,1,19
202685,Jonas Valanciunas,Lietuvos rytas Vilnius,Lithuania,6-11,265,Center,2011,1,5
1627742,Brandon Ingram,Duke,USA,6-8,190,Forward,2016,1,2
1630178,Tyrese Maxey,Kentucky,USA,6-2,200,Guard,2020,1,21
203552,Seth Curry,Duke,USA,6-1,185,Guard,Undrafted,Undrafted,Undrafted
1628404,Josh Hart,Villanova,USA,6-4,215,Guard,2017,1,30
1628984,Devonte' Graham,Kansas,USA,6-1,195,Guard,2018,2,34
1630198,Isaiah Joe,Arkansas,USA,6-3,165,Guard,2020,2,49
1627788,Furkan Korkmaz,Anadolu Efes,Turkey,6-7,202,Guard-Forward,2016,1,26
1627777,Georges Niang,Iowa State,USA,6-7,230,Forward,2016,2,50
202066,Garrett Temple,Louisiana State,USA,6-6,195,Guard-Forward,Undrafted,Undrafted,Undrafted
1629637,Jaxson Hayes,Texas,USA,7-0,220,Center-Forward,2019,1,8
203107,Tomas Satoransky,FC Barcelona,Czech Republic,6-7,210,Guard,2012,2,32
1629680,Matisse Thybulle,Washington,USA,6-5,201,Guard-Forward,2019,1,20
1630530,Trey Murphy III,Virginia,USA,6-8,206,Forward,2021,1,17
1630184,Kira Lewis Jr.,Alabama,USA,6-1,170,Guard,2020,1,13
203083,Andre Drummond,Connecticut,USA,6-11,279,Center,2012,1,9
201980,Danny Green,North Carolina,USA,6-6,215,Guard,2009,2,46
1630230,Naji Marshall,Xavier,USA,6-7,220,Forward,Undrafted,Undrafted,Undrafted
1630194,Paul Reed,DePaul,USA,6-9,210,Forward,2020,2,58
1629646,Charles Bassey,Western Kentucky,Nigeria,6-9,230,Center-Forward,2021,2,53
1630565,Aaron Henry,Michigan State,USA,6-5,210,Forward,Undrafted,Undrafted,Undrafted
1628964,Mo Bamba,Texas,USA,7-0,231,Center,2018,1,6
203926,Doug McDermott,Creighton,USA,6-6,225,Forward,2014,1,11
1627749,Dejounte Murray,Washington,USA,6-5,180,Guard,2016,1,29
1630175,Cole Anthony,North Carolina,USA,6-3,185,Guard,2020,1,15
1629640,Keldon Johnson,Kentucky,USA,6-5,220,Forward-Guard,2019,1,29
1630532,Franz Wagner,Michigan,Germany,6-10,220,Forward,2021,1,8
1627751,Jakob Poeltl,Utah,Austria,7-1,245,Center,2016,1,9
1628401,Derrick White,Colorado,USA,6-4,190,Guard,2017,1,29
1630591,Jalen Suggs,Gonzaga,USA,6-5,205,Guard,2021,1,5
1628976,Wendell Carter Jr.,Duke,USA,6-10,270,Center-Forward,2018,1,7
1629649,Ignas Brazdeikis,Michigan,Canada,6-6,221,Forward,2019,2,47
203082,Terrence Ross,Washington,USA,6-7,206,Guard-Forward,2012,1,8
1630181,R.J. Hampton,New Zealand Breakers,USA,6-4,175,Guard,2020,1,24
1630170,Devin Vassell,Florida State,USA,6-5,200,Guard-Forward,2020,1,11
1629021,Moritz Wagner,Michigan,Germany,6-11,245,Forward-Center,2018,1,25
1629022,Lonnie Walker IV,Miami,USA,6-4,204,Guard-Forward,2018,1,18
1629234,Drew Eubanks,Oregon State,USA,6-10,245,Forward-Center,Undrafted,Undrafted,Undrafted
1627854,Bryn Forbes,Michigan State,USA,6-2,205,Guard,Undrafted,Undrafted,Undrafted
201577,Robin Lopez,Stanford,USA,7-0,281,Center,2008,1,15
1630200,Tre Jones,Duke,USA,6-1,185,Guard,2020,2,41
1628966,Keita Bates-Diop,Ohio State,USA,6-8,229,Forward,2018,2,48
1630563,Joshua Primo,Alabama,Canada,6-6,189,Guard,2021,1,12
1629111,Jock Landale,St. Mary's,Australia,6-11,255,Center,Undrafted,Undrafted,Undrafted
1628983,Shai Gilgeous-Alexander,Kentucky,Canada,6-6,195,Guard,2018,1,11
201144,Mike Conley,Ohio State,USA,6-1,175,Guard,2007,1,4
1630581,Josh Giddey,NBA Global Academy,Australia,6-8,216,Guard,2021,1,6
203497,Rudy Gobert,Cholet,France,7-1,258,Center,2013,1,27
1629647,Darius Bazley,Princeton HS (OH),USA,6-9,216,Forward,2019,1,23
202711,Bojan Bogdanovic,Fenerbahce,Croatia,6-7,226,Forward,2011,2,31
1628378,Donovan Mitchell,Louisville,USA,6-1,215,Guard,2017,1,13
1629652,Luguentz Dort,Arizona State,Canada,6-4,220,Guard,Undrafted,Undrafted,Undrafted
1626220,Royce O'Neale,Baylor,USA,6-6,226,Forward,Undrafted,Undrafted,Undrafted
202324,Derrick Favors,Georgia Tech,USA,6-9,265,Forward,2010,1,3
204060,Joe Ingles,Maccabi Tel Aviv,Australia,6-9,220,Forward-Guard,Undrafted,Undrafted,Undrafted
202355,Hassan Whiteside,Marshall,USA,7-0,265,Center,2010,2,33
203903,Jordan Clarkson,Missouri,USA,6-5,194,Guard,2014,2,46
1629676,Isaiah Roby,Nebraska,USA,6-8,230,Forward,2019,2,45
1630197,Aleksej Pokusevski,Olympiacos,Serbia,7-0,210,Forward,2020,1,17
1629672,Eric Paschall,Villanova,USA,6-6,255,Forward,2019,2,41
1630544,Tre Mann,Florida,USA,6-3,178,Guard,2021,1,18
1629026,Kenrich Williams,TCU,USA,6-6,210,Guard-Forward,Undrafted,Undrafted,Undrafted
1630177,Theo Maledon,Asvel,France,6-5,175,Guard,2020,2,34
1630526,Jeremiah Robinson-Earl,Villanova,USA,6-8,240,Forward,2021,2,32
1630215,Jared Butler,Baylor,USA,6-3,193,Guard,2021,2,40
203999,Nikola Jokic,Mega Basket,Serbia,6-11,284,Center,2014,2,41
1629028,Deandre Ayton,Arizona,Bahamas,7-0,250,Center,2018,1,1
1626164,Devin Booker,Kentucky,USA,6-5,206,Guard,2015,1,13
1628969,Mikal Bridges,Villanova,USA,6-6,209,Forward,2018,1,10
203115,Will Barton,Memphis,USA,6-5,181,Guard,2012,2,40
101108,Chris Paul,Wake Forest,USA,6-0,175,Guard,2005,1,4
1629008,Michael Porter Jr.,Missouri,USA,6-10,218,Forward,2018,1,14
1628420,Monte Morris,Iowa State,USA,6-2,183,Guard,2017,2,51
203932,Aaron Gordon,Arizona,USA,6-8,235,Forward,2014,1,4
203109,Jae Crowder,Marquette,USA,6-6,235,Forward,2012,2,34
1626166,Cameron Payne,Murray State,USA,6-1,183,Guard,2015,1,14
1630267,Facundo Campazzo,Murcia,Argentina,5-10,195,Guard,Undrafted,Undrafted,Undrafted
1627846,Abdel Nader,Iowa State,Egypt,6-5,225,Forward,2016,2,58
203210,JaMychal Green,Alabama,USA,6-9,227,Forward-Center,Undrafted,Undrafted,Undrafted
1629013,Landry Shamet,Wichita State,USA,6-4,190,Guard,2018,1,26
1629661,Cameron Johnson,North Carolina,USA,6-8,210,Forward,2019,1,11
201580,JaVale McGee,Nevada,USA,7-0,270,Center-Forward,2008,1,18
203085,Austin Rivers,Duke,USA,6-4,200,Guard,2012,1,10
201145,Jeff Green,Georgetown,USA,6-8,235,Forward,2007,1,5
1628408,P.J. Dozier,South Carolina,USA,6-6,205,Guard-Forward,Undrafted,Undrafted,Undrafted
1626181,Norman Powell,UCLA,USA,6-4,215,Guard,2015,2,46
203084,Harrison Barnes,North Carolina,USA,6-8,225,Forward,2012,1,7
203496,Robert Covington,Tennessee State,USA,6-7,209,Forward,Undrafted,Undrafted,Undrafted
1628368,De'Aaron Fox,Kentucky,USA,6-3,185,Guard,2017,1,5
203468,CJ McCollum,Lehigh,USA,6-3,190,Guard,2013,1,10
203090,Maurice Harkless,"St. John's, N.Y.",USA,6-7,220,Forward-Guard,2012,1,15
1630169,Tyrese Haliburton,Iowa State,USA,6-5,185,Guard,2020,1,12
1626158,Richaun Holmes,Bowling Green,USA,6-8,235,Forward,2015,2,37
203081,Damian Lillard,Weber State,USA,6-2,195,Guard,2012,1,6
1627741,Buddy Hield,Oklahoma,Bahamas,6-4,220,Guard,2016,1,6
1629642,Nassir Little,North Carolina,USA,6-5,220,Forward-Guard,2019,1,25
202684,Tristan Thompson,University of Texas at Austin,Canada,6-9,254,Center-Forward,2011,1,4
1626204,Larry Nance Jr.,Wyoming,USA,6-8,245,Forward-Center,2015,1,27
203469,Cody Zeller,Indiana,USA,6-11,240,Forward-Center,2013,1,4
1630558,Davion Mitchell,Baylor,USA,6-0,202,Guard,2021,1,9
1629014,Anfernee Simons,Edgewater HS (FL),USA,6-3,181,Guard,2018,1,24
1629056,Terence Davis,Mississippi,USA,6-4,201,Guard,Undrafted,Undrafted,Undrafted
203994,Jusuf Nurkic,Cedevita,Bosnia and Herzegovina,7-0,290,Center,2014,1,16
203501,Tim Hardaway Jr.,Michigan,USA,6-5,205,Guard-Forward,2013,1,24
1628381,John Collins,Wake Forest,USA,6-9,226,Forward-Center,2017,1,19
203939,Dwight Powell,Stanford,Canada,6-10,240,Forward-Center,2014,2,45
1627827,Dorian Finney-Smith,Florida,USA,6-7,220,Forward,Undrafted,Undrafted,Undrafted
1629631,De'Andre Hunter,Virginia,USA,6-8,221,Forward-Guard,2019,1,4
204001,Kristaps Porzingis,Cajasol Sevilla,Latvia,7-3,240,Forward-Center,2015,1,4
1629029,Luka Doncic,Real Madrid,Slovenia,6-7,230,Forward-Guard,2018,1,3
1629027,Trae Young,Oklahoma,USA,6-1,164,Guard,2018,1,5
203992,Bogdan Bogdanovic,Fenerbahce,Serbia,6-5,225,Guard,2014,1,27
203991,Clint Capela,Elan Chalon,Switzerland,6-10,256,Center,2014,1,25
1629629,Cam Reddish,Duke,USA,6-7,217,Forward-Guard,2019,1,10
1628973,Jalen Brunson,Villanova,USA,6-2,190,Guard,2018,2,33
1626161,Willie Cauley-Stein,Kentucky,USA,7-0,240,Center,2015,1,6
1628989,Kevin Huerter,Maryland,USA,6-7,198,Guard-Forward,2018,1,19
203493,Reggie Bullock,North Carolina,USA,6-6,205,Guard-Forward,2013,1,25
1628425,Sterling Brown,Southern Methodist,USA,6-5,219,Guard-Forward,2017,2,46
203476,Gorgui Dieng,Louisville,Senegal,6-10,248,Center,2013,1,21
1626153,Delon Wright,Utah,USA,6-5,185,Guard,2015,1,20
1628467,Maxi Kleber,Bayern Munich,Germany,6-10,240,Forward,Undrafted,Undrafted,Undrafted
203524,Solomon Hill,Arizona,USA,6-6,226,Forward,2013,1,23
203504,Trey Burke,Michigan,USA,6-0,185,Guard,2013,1,9
1630552,Jalen Johnson,Duke,USA,6-8,219,Forward,2021,1,20
1628373,Frank Ntilikina,Strasbourg IG,France,6-4,200,Guard,2017,1,8
1627789,Timothe Luwawu-Cabarrot,                                   ,France,6-7,215,Guard-Forward,2016,1,24
1630182,Josh Green,Arizona,Australia,6-7,200,Guard,2020,1,18
1630536,Sharife Cooper,Auburn,USA,6-1,176,Guard,2021,2,48
1630219,Skylar Mays,Louisiana State,USA,6-4,205,Guard,2020,2,50
1628389,Bam Adebayo,Kentucky,USA,6-9,255,Center-Forward,2017,1,14
1629130,Duncan Robinson,Michigan,USA,6-7,215,Forward,Undrafted,Undrafted,Undrafted
200768,Kyle Lowry,Villanova,USA,6-0,196,Guard,2006,1,24
202710,Jimmy Butler,Marquette,USA,6-7,230,Forward,2011,1,30
200782,P.J. Tucker,Texas,USA,6-5,245,Forward,2006,2,35
1629639,Tyler Herro,Kentucky,USA,6-5,195,Guard,2019,1,13
203473,Dewayne Dedmon,Southern California,USA,6-10,245,Center,Undrafted,Undrafted,Undrafted
1629622,Max Strus,DePaul,USA,6-5,215,Guard-Forward,Undrafted,Undrafted,Undrafted
202693,Markieff Morris,Kansas,USA,6-9,245,Forward,2011,1,13
1629216,Gabe Vincent,California-Santa Barbara,USA,6-2,200,Guard,Undrafted,Undrafted,Undrafted
1629644,KZ Okpala,Stanford,USA,6-8,215,Forward-Guard,2019,2,32
1630209,Omer Yurtseven,Georgetown,Turkey,6-11,275,Center,Undrafted,Undrafted,Undrafted
1628997,Caleb Martin,Nevada,USA,6-5,205,Forward,Undrafted,Undrafted,Undrafted
1630585,Marcus Garrett,Kansas,USA,6-5,205,Guard,Undrafted,Undrafted,Undrafted
1627826,Ivica Zubac,Mega Basket,Croatia,7-0,240,Center,2016,2,32
202339,Eric Bledsoe,Kentucky,USA,6-1,214,Guard,2010,1,18
202331,Paul George,Fresno State,USA,6-8,220,Forward,2010,1,10
202704,Reggie Jackson,Boston College,USA,6-2,208,Guard,2011,1,24
1628379,Luke Kennard,Duke,USA,6-5,206,Guard,2017,1,12
1629611,Terance Mann,Florida State,USA,6-5,215,Guard-Forward,2019,2,48
202694,Marcus Morris Sr.,Kansas,USA,6-8,218,Forward,2011,1,14
1626159,Justise Winslow,Duke,USA,6-6,222,Forward-Guard,2015,1,10
1629599,Amir Coffey,Minnesota,USA,6-7,210,Guard-Forward,Undrafted,Undrafted,Undrafted
1626179,Terry Rozier,Louisville,USA,6-1,190,Guard,2015,1,16
1629731,Dean Wade,Kansas State,USA,6-9,228,Forward-Center,Undrafted,Undrafted,Undrafted
1629605,Tacko Fall,UCF,Senegal,7-6,311,Center,Undrafted,Undrafted,Undrafted
1630612,RJ Nembhard Jr.,Texas Christian,USA,6-4,200,Guard,Undrafted,Undrafted,Undrafted
1630205,Lamar Stevens,Penn State,USA,6-6,230,Forward,Undrafted,Undrafted,Undrafted
1630579,Jericho Sims,Texas,USA,6-10,250,Center,2021,2,58
1629656,Quentin Grimes,Houston,USA,6-5,210,Guard,2021,1,25
1630540,Miles McBride,West Virginia,USA,6-2,195,Guard,2021,2,36
1630557,Corey Kispert,Gonzaga,USA,6-6,224,Forward,2021,1,15
202954,Brad Wanamaker,Pittsburgh,USA,6-3,210,Guard,Undrafted,Undrafted,Undrafted
201143,Al Horford,Florida,Dominican Republic,6-9,240,Center-Forward,2007,1,3
1626196,Josh Richardson,Tennessee,USA,6-6,200,Guard,2015,2,40
1627823,Juancho Hernangomez,Estudiantes,Spain,6-9,214,Forward,2016,1,15
202683,Enes Freedom,                                   ,Turkey,6-10,250,Center,2011,1,3
1629067,Isaac Bonga,Skyliners Frankfurt,Germany,6-8,180,Guard,2018,2,39
1630201,Malachi Flynn,San Diego State,USA,6-1,175,Guard,2020,1,29
200794,Paul Millsap,Louisiana Tech,USA,6-7,257,Forward,2006,2,47
1630529,Herbert Jones,Alabama,USA,6-7,206,Forward,2021,2,35
1628972,Troy Brown Jr.,Oregon,USA,6-7,215,Guard-Forward,2018,1,15
1628396,Tony Bradley,North Carolina,USA,6-11,248,Center-Forward,2017,1,28
1629744,Matt Thomas,Iowa State,USA,6-3,190,Guard,Undrafted,Undrafted,Undrafted
1630466,Gabriel Deck,                                   ,Argentina,6-6,231,Forward,Undrafted,Undrafted,Undrafted
1629660,Ty Jerome,Virginia,USA,6-5,195,Guard-Forward,2019,1,24
203488,Mike Muscala,Bucknell,USA,6-11,240,Forward-Center,2013,2,44
1627863,Danuel House Jr.,Texas A&M,USA,6-6,220,Forward-Guard,Undrafted,Undrafted,Undrafted
1630249,Vit Krejci,Zaragoza,Czech Republic,6-8,195,Guard,2020,2,37
201152,Thaddeus Young,Georgia Tech,USA,6-8,235,Forward,2007,1,12
1630559,Austin Reaves,Oklahoma,USA,6-5,197,Guard,Undrafted,Undrafted,Undrafted
1628963,Marvin Bagley III,Duke,USA,6-10,235,Forward,2018,1,2
203458,Alex Len,Maryland,Ukraine,7-2,250,Center,2013,1,5
1630235,Trent Forrest,Florida State,USA,6-4,210,Guard,Undrafted,Undrafted,Undrafted
1629052,Oshae Brissett,Syracuse,Canada,6-7,210,Forward-Guard,Undrafted,Undrafted,Undrafted
1630240,Saben Lee,Vanderbilt,USA,6-2,183,Guard,2020,2,38
1630568,Luka Garza,Iowa,USA,6-10,243,Center,2021,2,52
203585,Rodney McGruder,Kansas State,USA,6-4,205,Guard,Undrafted,Undrafted,Undrafted
201976,Patrick Beverley,Arkansas,USA,6-2,180,Guard,2009,2,42
1629020,Jarred Vanderbilt,Kentucky,USA,6-8,214,Forward,2018,2,41
203901,Elfrid Payton,Louisana-Lafayette,USA,6-3,195,Guard,2014,1,10
1628372,Dennis Smith Jr.,North Carolina State,USA,6-2,205,Guard,2017,1,9
1630188,Jalen Smith,Maryland,USA,6-9,215,Forward-Center,2020,1,10
1626163,Frank Kaminsky,Wisconsin,USA,7-0,240,Forward-Center,2015,1,9
1629604,CJ Elleby,Washington State,USA,6-6,200,Forward-Guard,2020,2,46
203463,Ben McLemore,Kansas,USA,6-3,195,Guard,2013,1,7
1630535,Greg Brown III,Texas,USA,6-7,206,Forward,2021,2,43
1628990,Chandler Hutchison,Boise State,USA,6-6,210,Forward-Guard,2018,1,22
1628392,Isaiah Hartenstein,Zalgiris,Germany,7-0,250,Center-Forward,2017,2,43
201587,Nicolas Batum,Le Mans,France,6-8,230,Guard-Forward,2008,1,25
1628971,Bruce Brown,Miami,USA,6-4,202,Guard-Forward,2018,2,42
1630549,Day'Ron Sharpe,North Carolina,USA,6-9,265,Center,2021,1,29
1630176,Vernon Carey Jr.,Duke,USA,6-10,270,Forward-Center,2020,2,32
201959,Taj Gibson,Southern California,USA,6-9,232,Forward,2009,1,26
1630214,Xavier Tillman,Michigan State,USA,6-7,245,Forward,2020,2,35
203953,Jabari Parker,Duke,USA,6-7,245,Forward,2014,1,2
1630208,Nick Richards,Kentucky,Jamaica,7-0,245,Center,2020,2,42
203918,Rodney Hood,Duke,USA,6-8,208,Guard-Forward,2014,1,23
1629048,Goga Bitadze,Mega Basket,Georgia,6-11,250,Center-Forward,2019,1,18
101150,Lou Williams,South Gwinnett HS (GA),USA,6-2,175,Guard,2005,2,45
1627761,DeAndre' Bembry,St. Joseph's (PA),USA,6-5,210,Guard-Forward,2016,1,21
1630225,Isaiah Todd,NBA G League Ignite,USA,6-9,219,Forward,2021,2,31
203914,Gary Harris,Michigan State,USA,6-4,210,Guard,2014,1,19
1630538,Bones Hyland,Virginia Commonwealth,USA,6-2,169,Guard,2021,1,26
1630192,Zeke Nnaji,Arizona,USA,6-9,240,Forward-Center,2020,1,22
1630698,Kevin Pangos,Gonzaga,Canada,6-1,179,Guard,Undrafted,Undrafted,Undrafted
1629626,Bol Bol,Oregon,Sudan,7-2,220,Center-Forward,2019,2,44
1630206,Jay Scrubb,,USA,6-5,220,Guard,2020,2,55
1630527,Brandon Boston,Kentucky,USA,6-6,188,Guard,2021,2,51
1629185,Chris Chiozza,Florida,USA,5-11,175,Guard,Undrafted,Undrafted,Undrafted
1626246,Boban Marjanovic,Crvena zvezda,Serbia,7-4,290,Center,Undrafted,Undrafted,Undrafted
1629650,Moses Brown,UCLA,USA,7-2,245,Center,Undrafted,Undrafted,Undrafted
1630543,Isaiah Jackson,Kentucky,USA,6-9,205,Forward,2021,1,22
201568,Danilo Gallinari,Olimpia Milano,Italy,6-10,236,Forward,2008,1,6
1626171,Bobby Portis,Arkansas,USA,6-11,250,Forward,2015,1,22
1628400,Semi Ojeleye,Southern Methodist,USA,6-6,240,Forward,2017,2,37
1630241,Sam Merrill,Utah State,USA,6-4,205,Guard,2020,2,60
1630583,Santi Aldama,Loyola-Maryland,Spain,7-0,215,Forward-Center,2021,1,30
1629681,Killian Tillie,Gonzaga,France,6-9,220,Forward-Center,Undrafted,Undrafted,Undrafted
1629633,Jarrett Culver,Texas Tech,USA,6-6,195,Guard-Forward,2019,1,6
1629003,Shake Milton,Southern Methodist,USA,6-5,205,Guard-Forward,2018,2,54
1630190,Elijah Hughes,Syracuse,USA,6-5,215,Guard,2020,2,39
1630647,Eugene Omoruyi,Oregon,Nigeria,6-6,235,Forward,Undrafted,Undrafted,Undrafted
1630210,Markus Howard,Marquette,USA,5-10,175,Guard,Undrafted,Undrafted,Undrafted
1627756,Denzel Valentine,Michigan State,USA,6-4,220,Guard,2016,1,14
1630595,Cade Cunningham,Oklahoma State,USA,6-7,220,Guard,2021,1,1
1629643,Chuma Okeke,Auburn,USA,6-8,229,Forward,2019,1,16
1628539,Mychal Mulder,Kentucky,Canada,6-3,195,Guard,Undrafted,Undrafted,Undrafted
1627747,Caris LeVert,Michigan,USA,6-6,205,Guard,2016,1,20
1627884,Derrick Jones Jr.,UNLV,USA,6-6,210,Forward,Undrafted,Undrafted,Undrafted
2617,Udonis Haslem,Florida,USA,6-7,235,Forward,Undrafted,Undrafted,Undrafted
1630228,Jonathan Kuminga,NBA G League Ignite,DRC,6-7,225,Forward,2021,1,7
1629685,Dylan Windler,Belmont,USA,6-7,196,Guard-Forward,2019,1,26
1630691,Jamorko Pickett,Georgetown,USA,6-9,206,Forward,Undrafted,Undrafted,Undrafted
1629103,Kelan Martin,Butler,USA,6-5,230,Forward,Undrafted,Undrafted,Undrafted
1630613,Duane Washington Jr.,Ohio State,Germany,6-2,197,Guard,Undrafted,Undrafted,Undrafted
203503,Tony Snell,New Mexico,USA,6-6,213,Guard,2013,1,20
1630551,Justin Champagnie,Pittsburgh,USA,6-6,206,Guard-Forward,Undrafted,Undrafted,Undrafted
203457,Nerlens Noel,Kentucky,USA,6-10,220,Center-Forward,2013,1,6
1630547,James Bouknight,Connecticut,USA,6-4,190,Guard,2021,1,11
1626195,Willy Hernangomez,Cajasol Sevilla,Spain,6-11,250,Center-Forward,2015,2,35
201961,Wayne Ellington,North Carolina,USA,6-4,207,Guard,2009,1,28
1630631,Jose Alvarado,Georgia Tech,USA,6-0,179,Guard,Undrafted,Undrafted,Undrafted
1629712,Didi Louzada,                                   ,Brazil,6-5,188,Guard,2019,2,35
1629002,Chimezie Metu,Southern California,USA,6-9,225,Forward-Center,2018,2,49
1629635,Sekou Doumbouya,                                   ,France,6-9,230,Forward,2019,1,15
1630643,Jay Huff,Virginia,USA,7-1,240,Forward,Undrafted,Undrafted,Undrafted
1627783,Pascal Siakam,New Mexico State,Cameroon,6-8,230,Forward,2016,1,27
201586,Serge Ibaka,Ricoh Manresa,Republic of the Congo,6-11,235,Forward,2008,1,24
1630288,Jeff Dowtin,Rhode Island,USA,6-3,177,Guard,Undrafted,Undrafted,Undrafted
1627745,Damian Jones,Vanderbilt,USA,6-11,245,Center,2016,1,30
1628415,Dillon Brooks,Oregon,Canada,6-6,225,Guard-Forward,2017,2,45
1630186,Jahmi'us Ramsey,Texas Tech,USA,6-3,190,Guard,2020,2,43
1630580,Joe Wieskamp,Iowa,USA,6-6,205,Guard-Forward,2021,2,41
1630582,Yves Pons,Tennessee,France,6-5,206,Forward,Undrafted,Undrafted,Undrafted
1629076,Tyler Cook,Iowa,USA,6-8,255,Forward,Undrafted,Undrafted,Undrafted
1630264,Anthony Gill,Virginia,USA,6-8,230,Forward,Undrafted,Undrafted,Undrafted
1629659,Talen Horton-Tucker,Iowa State,USA,6-4,234,Guard,2019,2,46
1630598,Aaron Wiggins,Maryland,USA,6-5,190,Guard,2021,2,55
1630570,Trendon Watford,Louisiana State,USA,6-8,237,Forward,Undrafted,Undrafted,Undrafted
1629726,Garrison Mathews,Lipscomb,USA,6-6,215,Guard,Undrafted,Undrafted,Undrafted
1629632,Coby White,North Carolina,USA,6-5,195,Guard,2019,1,7
1630556,Kessler Edwards,Pepperdine,USA,6-7,203,Forward,2021,2,44
1629671,Miye Oni,Yale,USA,6-5,206,Guard-Forward,2019,2,58
1628962,Udoka Azubuike,Kansas,Nigeria,6-11,270,Center-Forward,2020,1,27
202334,Ed Davis,North Carolina,USA,6-9,218,Center-Forward,2010,1,13
1627822,Petr Cornelie,France,France,6-11,220,Forward,2016,2,53
200752,Rudy Gay,Connecticut,USA,6-8,250,Forward-Guard,2006,1,8
1630573,Sam Hauser,Virginia,USA,6-7,217,Forward,Undrafted,Undrafted,Undrafted
1630233,Nathan Knight,William & Mary,USA,6-8,253,Forward-Center,Undrafted,Undrafted,Undrafted
1630688,Ish Wainright,Baylor,USA,6-5,250,Forward,Undrafted,Undrafted,Undrafted
1629653,Devon Dotson,Kansas,USA,6-1,185,Guard,Undrafted,Undrafted,Undrafted
1630250,Marko Simonovic,Mega Basket,Montenegro,7-0,220,Center,2020,2,44
1629139,Yuta Watanabe,George Washington,Japan,6-8,215,Guard-Forward,Undrafted,Undrafted,Undrafted
1630539,Kai Jones,Texas,Bahamas,6-11,221,Center-Forward,2021,1,19
1628995,Kevin Knox II,Kentucky,USA,6-7,215,Forward,2018,1,9
1628427,Vlatko Cancar,San Pablo Burgos,Slovenia,6-8,236,Forward,2017,2,49
1629663,Louis King,Oregon,USA,6-7,205,Forward,Undrafted,Undrafted,Undrafted
1628778,Paul Watson,Fresno State,USA,6-6,210,Guard,Undrafted,Undrafted,Undrafted
1629719,Devontae Cacok,UNC-Wilmington,USA,6-7,240,Forward,Undrafted,Undrafted,Undrafted
1630553,Keon Johnson,Tennessee,USA,6-3,185,Guard,2021,1,21
202326,DeMarcus Cousins,Kentucky,USA,6-10,270,Center,2010,1,5
1630605,JaQuori McLaughlin,Cal-Santa Barbara,USA,6-4,190,Guard,Undrafted,Undrafted,Undrafted
1629833,Keljin Blevins,Montana State,USA,6-4,200,Guard,Undrafted,Undrafted,Undrafted
1628432,Davon Reed,Miami,USA,6-5,206,Guard,2017,2,32
1630606,Javonte Smart,Louisiana State,USA,6-4,205,Guard,Undrafted,Undrafted,Undrafted
202083,Wesley Matthews,Marquette,USA,6-5,220,Guard,Undrafted,Undrafted,Undrafted
1628981,Bruno Fernando,Maryland,Angola,6-10,240,Forward-Center,2019,2,34
1630550,JT Thor,Auburn,USA,6-9,203,Forward,2021,2,37
1630525,David Johnson,Louisville,USA,6-4,203,Guard,2021,2,47
1630216,Cassius Winston,Michigan State,USA,6-1,185,Guard,2020,2,53
1630561,David Duke Jr.,Providence,USA,6-4,204,Guard,Undrafted,Undrafted,Undrafted
1630238,Malik Fitts,,USA,6-5,230,Forward,Undrafted,Undrafted,Undrafted
1628035,Alfonzo McKinnie,Wisc.-Green Bay,USA,6-7,215,Forward,Undrafted,Undrafted,Undrafted
1630199,Cassius Stanley,Duke,USA,6-5,190,Guard,2020,2,54
1630587,Isaiah Livers,Michigan,USA,6-6,232,Forward,2021,2,42
204038,Langston Galloway,St. Joseph's (PA),USA,6-1,200,Guard,Undrafted,Undrafted,Undrafted
1629168,BJ Johnson,La Salle,USA,6-6,200,Forward,Undrafted,Undrafted,Undrafted
1629755,Hassani Gravett,South Carolina,USA,6-2,187,Guard,Undrafted,Undrafted,Undrafted
1630758,Aleem Ford,Wisconsin,USA,6-8,220,Forward,Undrafted,Undrafted,Undrafted
1629678,Admiral Schofield,Tennessee,United Kingdom,6-5,241,Forward,2019,2,42
1630168,Onyeka Okongwu,Southern California,USA,6-9,240,Forward-Center,2020,1,6
1630271,Brodric Thomas,,USA,6-5,185,Guard,Undrafted,Undrafted,Undrafted
1630602,Chaundee Brown Jr.,Michigan,USA,6-5,215,Forward,Undrafted,Undrafted,Undrafted
202738,Isaiah Thomas,Washington,USA,5-9,185,Guard,2011,2,60
1629674,Neemias Queta,Utah State,Portugal,7-0,248,Center,2021,2,39
1630243,Trevelin Queen,New Mexico State,USA,6-6,190,Guard,Undrafted,Undrafted,Undrafted
203516,James Ennis III,Cal State-Long Beach,USA,6-6,215,Forward,2013,2,50
1627885,Shaquille Harrison,Tulsa,USA,6-4,195,Guard,Undrafted,Undrafted,Undrafted
1627782,Wayne Selden,Kansas,USA,6-4,232,Guard,Undrafted,Undrafted,Undrafted
2772,Trevor Ariza,UCLA,USA,6-8,215,Forward,2004,2,43
1629164,Brandon Goodwin,Florida Gulf Coast,USA,6-0,180,Guard,Undrafted,Undrafted,Undrafted
1629718,Charlie Brown Jr.,St. Joseph's (PA),USA,6-6,199,Guard,Undrafted,Undrafted,Undrafted
1629109,Gary Clark,Cincinnati,USA,6-6,225,Forward,Undrafted,Undrafted,Undrafted
1629619,Myles Powell,Seton Hall,USA,6-2,195,Guard,Undrafted,Undrafted,Undrafted
1628418,Thomas Bryant,Indiana,USA,6-10,248,Center-Forward,2017,2,42
1629060,Rui Hachimura,Gonzaga,Japan,6-8,230,Forward,2019,1,9
1629033,Theo Pinson,North Carolina,USA,6-7,212,Guard-Forward,Undrafted,Undrafted,Undrafted
1627737,Marquese Chriss,Washington,USA,6-9,240,Forward,2016,1,8
1630222,Mason Jones,Arkansas,USA,6-4,200,Guard,Undrafted,Undrafted,Undrafted
1629203,Jemerrio Jones,New Mexico State,USA,6-5,175,Forward,Undrafted,Undrafted,Undrafted
202362,Lance Stephenson,Cincinnati,USA,6-5,210,Forward,2010,2,40
204025,Tim Frazier,Penn State,USA,6-0,170,Guard,Undrafted,Undrafted,Undrafted
1630273,Freddie Gillespie,Baylor,USA,6-9,245,Center,Undrafted,Undrafted,Undrafted
1628382,Justin Jackson,North Carolina,USA,6-8,220,Forward,2017,1,15
2207,Joe Johnson,Arkansas,USA,6-7,240,Guard-Forward,2001,1,10
1626147,Justin Anderson,Virginia,USA,6-5,231,Forward-Guard,2015,1,21
1626144,Emmanuel Mudiay,                                   ,Democratic Republic of the Congo,6-3,200,Guard,2015,1,7
1630218,Robert Woodard II,Mississippi State,USA,6-6,235,Forward,2020,2,40
1628411,Wes Iwundu,Kansas State,USA,6-6,195,Forward,2017,2,33
204020,Tyler Johnson,Fresno State,USA,6-3,186,Guard,Undrafted,Undrafted,Undrafted
1627767,Cheick Diallo,Kansas,Mali,6-8,219,Forward-Center,2016,2,33
1628422,Damyean Dotson,Houston,USA,6-5,210,Guard,2017,2,44
202688,Brandon Knight,Kentucky,USA,6-2,182,Guard,2011,1,8
1630637,Carlik Jones,Louisville,USA,6-0,174,Guard,Undrafted,Undrafted,Undrafted
1628994,George King,Colorado,USA,6-6,220,Forward-Guard,2018,2,59
202681,Kyrie Irving,Duke,Australia,6-2,195,Guard,2011,1,1
1629760,Matt Mooney,Texas Tech,USA,6-2,199,Guard,Undrafted,Undrafted,Undrafted
1628978,Donte DiVincenzo,Villanova,USA,6-4,203,Guard,2018,1,17
1629683,Quinndary Weatherspoon,Mississippi State,USA,6-3,205,Guard,2019,2,49
1626169,Stanley Johnson,Arizona,USA,6-6,242,Forward-Guard,2015,1,8
201954,Darren Collison,UCLA,USA,6-0,160,Guard,2009,1,21
1628391,D.J. Wilson,Michigan,USA,6-10,231,Forward,2017,1,17
1629682,Tremont Waters,Louisiana State,USA,5-10,175,Guard,2019,2,51
1629752,Juwan Morgan,Indiana,USA,6-7,232,Forward,Undrafted,Undrafted,Undrafted
1628436,Luke Kornet,Vanderbilt,USA,7-2,250,Center-Forward,Undrafted,Undrafted,Undrafted
1630187,Daniel Oturu,Minnesota,USA,6-8,240,Center,2020,2,33
1630286,Trevon Scott,Cincinnati,USA,6-8,225,Forward,Undrafted,Undrafted,Undrafted
1630648,Jordan Schakel,San Diego State,USA,6-6,200,Guard,Undrafted,Undrafted,Undrafted
1630555,Joel Ayayi,Gonzaga,France,6-4,180,Guard,Undrafted,Undrafted,Undrafted
1630531,Jaden Springer,Tennessee,USA,6-4,202,Guard,2021,1,28
1629783,Shaq Buchanan,Murray State,USA,6-3,190,Guard,Undrafted,Undrafted,Undrafted
1630179,Tyrell Terry,Stanford,USA,6-2,160,Guard,2020,2,31
1629607,Jared Harper,Auburn,USA,5-10,175,Guard,Undrafted,Undrafted,Undrafted
1628476,Derrick Walton Jr.,Michigan,USA,6-0,185,Guard,Undrafted,Undrafted,Undrafted
1629686,Deividas Sirvydis,                                   ,Lithuania,6-8,190,Forward-Guard,2019,2,37
1630227,Daishen Nix,NBA G League Ignite,USA,6-4,226,Guard,Undrafted,Undrafted,Undrafted
1627760,Cat Barber,North Carolina State,USA,6-1,173,Guard,Undrafted,Undrafted,Undrafted
202328,Greg Monroe,Georgetown,USA,6-10,250,Forward-Center,2010,1,7
1630787,Cameron McGriff,Oklahoma State,USA,6-7,220,Forward,Undrafted,Undrafted,Undrafted
1630314,Brandon Williams,Arizona,USA,6-2,190,Guard,Undrafted,Undrafted,Undrafted
1629600,Jarron Cumberland,Cincinnati,USA,6-5,205,Guard,Undrafted,Undrafted,Undrafted
1629875,Xavier Moon,Morehead State,USA,6-2,165,Guard,Undrafted,Undrafted,Undrafted
1630692,Jordan Goodwin,St. Louis,USA,6-3,200,Guard,Undrafted,Undrafted,Undrafted
1628591,Craig Sword,Mississippi State,USA,6-3,196,Guard,Undrafted,Undrafted,Undrafted
1630846,Olivier Sarr,Kentucky,France,6-11,240,Center,Undrafted,Undrafted,Undrafted
1629309,Trayvon Palmer,Chicago St.,USA,6-6,200,Guard,Undrafted,Undrafted,Undrafted
1626208,Keifer Sykes,Wisc.-Green Bay,USA,5-11,167,Guard,Undrafted,Undrafted,Undrafted
1630792,Malcolm Hill,Illinois,USA,6-6,220,Forward,Undrafted,Undrafted,Undrafted
1628419,Cameron Oliver,Nevada,USA,6-8,239,Forward,Undrafted,Undrafted,Undrafted
1630644,Mac McClung,Texas Tech,USA,6-2,185,Guard,Undrafted,Undrafted,Undrafted
1629657,Kyle Guy,Virginia,USA,6-1,167,Guard,2019,2,55
1629735,Chris Silva,South Carolina,Gabon,6-8,234,Forward,Undrafted,Undrafted,Undrafted
203816,Scotty Hopson,Tennessee,USA,6-7,204,Guard-Forward,2011,0,0
1630306,Rob Edwards,Arizona State,USA,6-5,205,Guard,Undrafted,Undrafted,Undrafted
1629658,Jaylen Hoard,Wake Forest,France,6-8,216,Forward,Undrafted,Undrafted,Undrafted
1629150,Emanuel Terry,Lincoln Memorial,USA,6-9,220,Forward,Undrafted,Undrafted,Undrafted
1629617,Reggie Perry,Mississippi State,USA,6-8,250,Forward-Center,2020,2,57
1629005,Malik Newman,Kansas,USA,6-3,190,Guard,Undrafted,Undrafted,Undrafted
1630640,MJ Walker,Florida State,USA,6-5,213,Guard,Undrafted,Undrafted,Undrafted
1630207,Nate Hinton,Houston,USA,6-5,210,Guard-Forward,Undrafted,Undrafted,Undrafted
1629312,Haywood Highsmith,Wheeling Jesuit,USA,6-5,220,Forward,Undrafted,Undrafted,Undrafted
203917,Nik Stauskas,Michigan,Canada,6-6,207,Guard,2014,1,8
1630270,Xavier Sneed,Kansas State,USA,6-5,215,Forward,Undrafted,Undrafted,Undrafted
1630695,Micah Potter,Wisconsin,USA,6-8,248,Center,Undrafted,Undrafted,Undrafted
1629873,Jaysean Paige,West Virginia,USA,6-2,200,Guard,Undrafted,Undrafted,Undrafted
1629117,Wenyen Gabriel,Kentucky,South Sudan,6-9,205,Forward,Undrafted,Undrafted,Undrafted
1629730,Rayjon Tucker,Arkansas-Little Rock,USA,6-3,209,Guard,Undrafted,Undrafted,Undrafted
202687,Bismack Biyombo,Baloncesto Fuenlabrada,DRC,6-8,255,Center,2011,1,7
1628238,Paris Bass,Detroit Mercy,USA,6-8,200,Forward,Undrafted,Undrafted,Undrafted
1629610,DaQuan Jeffries,Tulsa,USA,6-5,222,Guard-Forward,Undrafted,Undrafted,Undrafted
1630257,Jon Teske,Michigan,USA,7-1,265,Center,Undrafted,Undrafted,Undrafted
1629751,Dakota Mathias,Purdue,USA,6-4,200,Guard,Undrafted,Undrafted,Undrafted
1628537,Jaylen Morris,Molloy,USA,6-5,185,Guard,Undrafted,Undrafted,Undrafted
1629958,Ahmad Caver,Old Dominion,USA,6-2,174,Guard,Undrafted,Undrafted,Undrafted
1630296,Braxton Key,Virginia,USA,6-8,225,Forward,Undrafted,Undrafted,Undrafted
1630237,Anthony Lamb,Vermont,USA,6-6,227,Forward,Undrafted,Undrafted,Undrafted
203658,Norvel Pelle,Iona,USA,6-10,231,Center,Undrafted,Undrafted,Undrafted
202691,Klay Thompson,Washington State,USA,6-6,220,Guard,2011,1,11
1629597,Zylan Cheatham,Arizona State,USA,6-5,220,Forward,Undrafted,Undrafted,Undrafted
1629623,Lindell Wigginton,Iowa State,Canada,6-1,189,Guard,Undrafted,Undrafted,Undrafted
1629603,Mamadi Diakite,Virginia,Guinea,6-9,228,Forward,Undrafted,Undrafted,Undrafted
1630678,Terry Taylor,Austin Peay,USA,6-4,230,Forward,Undrafted,Undrafted,Undrafted
1628380,Zach Collins,Gonzaga,USA,6-11,250,Forward-Center,2017,1,10
1630322,Lindy Waters III,Oklahoma State,USA,6-6,210,Forward,Undrafted,Undrafted,Undrafted
1628365,Markelle Fultz,Washington,USA,6-4,209,Guard,2017,1,1
1627853,Ryan Arcidiacono,Villanova,USA,6-3,195,Guard,Undrafted,Undrafted,Undrafted
203506,Victor Oladipo,Indiana,USA,6-3,213,Guard,2013,1,2
1627820,Tyrone Wallace,California,USA,6-5,198,Guard,2016,2,60
1627739,Kris Dunn,Providence,USA,6-3,205,Guard,2016,1,5
1630589,Moses Wright,Georgia Tech,USA,6-8,226,Forward,Undrafted,Undrafted,Undrafted
1629962,Devin Cannady,Princeton,USA,6-2,183,Guard,Undrafted,Undrafted,Undrafted
1629035,Carsen Edwards,Purdue,USA,5-11,200,Guard,2019,2,33
1630994,Gabriel Lundberg,CSKA Moscow,Denmark,6-4,203,Guard,Undrafted,Undrafted,Undrafted
1630285,Zavier Simpson,Michigan,USA,6-0,190,Guard,Undrafted,Undrafted,Undrafted
1628982,Melvin Frazier Jr.,Tulane,USA,6-5,215,Guard-Forward,2018,2,35
1628221,Gabe York,Arizona,USA,6-3,190,Guard,Undrafted,Undrafted,Undrafted
1629083,Arnoldas Kulboka,Bilbao,Lithuania,6-10,209,Forward,2018,2,55
1630346,Matt Ryan,Tennessee-Chattanooga,USA,6-6,215,Forward,Undrafted,Undrafted,Undrafted
1630624,Feron Hunt,Southern Methodist,USA,6-8,195,Forward,Undrafted,Undrafted,Undrafted
1630995,Jim Pasch,Virginia Commonwealth,USA,6-9,229,Guard-Forward,Undrafted,Undrafted,Undrafted
1630996,Wayne Verrastro,Kentucky,USA,6-8,243,Guard,Undrafted,Undrafted,Undrafted
1630997,William Roundy,Southern California,USA,6-11,205,Forward,Undrafted,Undrafted,Undrafted
1630998,Richard Reese,Mega Basket,USA,6-10,240,Forward,Undrafted,Undrafted,Undrafted
1630999,Shannon Joseph,Houston,USA,6-10,210,Forward,Undrafted,Undrafted,Undrafted
1631000,Rex Sizemore,Virginia,USA,6-7,202,Guard,Undrafted,Undrafted,Undrafted
1631001,William Marc,DePaul,USA,6-4,245,Guard,Undrafted,Undrafted,Undrafted
1631002,George Shute,Arizona,Nigeria,6-10,185,Forward,Undrafted,Undrafted,Undrafted
1631003,Jesse Adams,UCLA,USA,6-7,185,Guard-Forward,Undrafted,Undrafted,Undrafted
1631004,Charles Infield,Wake Forest,USA,6-9,251,Forward-Guard,Undrafted,Undrafted,Undrafted
1631005,Max May,Arkansas,South Sudan,6-3,205,Forward,Undrafted,Undrafted,Undrafted
1631006,Andrew Lindgren,Providence,USA,6-8,215,Center-Forward,Undrafted,Undrafted,Undrafted
1631007,William Helmick,Texas-Austin,Turkey,6-7,190,Forward,Undrafted,Undrafted,Undrafted
1631008,Wayne Parker,Louisiana State,USA,6-3,180,Guard,Undrafted,Undrafted,Undrafted
1631009,Earnest Ortz,Georgetown,France,6-0,180,Forward,Undrafted,Undrafted,Undrafted
1631010,Daniel Shedlock,Oregon,USA,6-5,265,Forward-Center,Undrafted,Undrafted,Undrafted
1631011,James Verch,Houston,USA,7-2,200,Guard,Undrafted,Undrafted,Undrafted
1631012,Rupert Dulaney,Bilbao,USA,6-5,209,Forward-Center,Undrafted,Undrafted,Undrafted
1631013,Al Johnson,Kentucky,DRC,6-2,183,Guard,Undrafted,Undrafted,Undrafted
1631014,Curtis Foster,Georgia Tech,USA,6-7,243,Forward,Undrafted,Undrafted,Undrafted
1631015,Oscar Gerwig,Providence,Canada,6-3,204,Guard-Forward,Undrafted,Undrafted,Undrafted
1631016,William White,Arizona,USA,6-3,213,Guard,Undrafted,Undrafted,Undrafted
1631017,Ronald Kato,La Salle,USA,6-1,222,Forward-Center,Undrafted,Undrafted,Undrafted
1631018,Warren Rohling,Murcia,USA,6-4,210,Center,Undrafted,Undrafted,Undrafted
1631019,Woodrow Knowlton,Nevada,USA,6-9,204,Forward,Undrafted,Undrafted,Undrafted
1631020,Eugene Dalton,Arizona,USA,6-3,206,Guard,Undrafted,Undrafted,Undrafted
1631021,John Smith,Oklahoma State,Canada,6-7,202,Guard,Undrafted,Undrafted,Undrafted
1631022,Dale Blumenthal,Florida Gulf Coast,USA,6-4,188,Guard-Forward,Undrafted,Undrafted,Undrafted
1631023,Jeffrey Peterson,Radford,USA,6-5,220,Guard-Forward,Undrafted,Undrafted,Undrafted
1631024,Juan Cuadrado,Edgewater HS (FL),Japan,6-4,220,Guard,Undrafted,Undrafted,Undrafted
1631025,Richard Schupp,Arizona,USA,6-2,250,Guard,Undrafted,Undrafted,Undrafted
1631026,Daniel Hammer,Oregon,USA,6-3,220,Guard,Undrafted,Undrafted,Undrafted
1631027,Leon Johnson,Duke,USA,6-6,175,Forward,Undrafted,Undrafted,Undrafted
1631028,James Wicks,Cajasol Sevilla,Portugal,6-2,220,Guard,Undrafted,Undrafted,Undrafted
1631029,Paul Griswold,Colorado,USA,6-9,230,Center,Undrafted,Undrafted,Undrafted
1631030,Paul Eyer,UCLA,USA,6-6,248,Forward,Undrafted,Undrafted,Undrafted
1631031,Jerry Nieto,Maryland,USA,6-9,245,Forward,Undrafted,Undrafted,Undrafted
1631032,Glenn Jacobs,Michigan,USA,6-7,225,Forward-Center,Undrafted,Undrafted,Undrafted
1631033,Paul Schug,Arizona State,Germany,6-7,235,Guard,Undrafted,Undrafted,Undrafted
1631034,Jeffrey Smith,NBA Global Academy,USA,5-11,190,Guard,Undrafted,Undrafted,Undrafted
1631035,Shawn Mejia,Duke,USA,6-9,195,Guard,Undrafted,Undrafted,Undrafted
1631036,Gabriel Herring,Nebraska,USA,6-6,250,Guard,Undrafted,Undrafted,Undrafted
1631037,Walter Johnson,St. Louis,USA,6-5,214,Forward,Undrafted,Undrafted,Undrafted
1631038,Anthony Osborn,Georgia,USA,6-6,230,Forward,Undrafted,Undrafted,Undrafted
1631039,Frank Meyers,Nevada,USA,7-1,270,Guard,Undrafted,Undrafted,Undrafted
1631040,Harry Vargas,Baylor,USA,7-0,215,Center,Undrafted,Undrafted,Undrafted
1631041,Dale Lewis,Colorado,USA,6-5,203,Guard,Undrafted,Undrafted,Undrafted
1631042,Richard Little,Maryland,USA,6-8,218,Forward,Undrafted,Undrafted,Undrafted
1631043,Angel Jones,Gonzaga,USA,6-1,215,Guard,Undrafted,Undrafted,Undrafted
1631044,Peter Smith,Kansas,Croatia,7-2,203,Guard-Forward,Undrafted,Undrafted,Undrafted
1631045,Daryl Tongate,Kansas,USA,6-4,185,Center,Undrafted,Undrafted,Undrafted
1631046,Eric Degiulio,Illinois,USA,6-9,225,Forward,Undrafted,Undrafted,Undrafted
1631047,Anthony Kennedy,CSKA Moscow,USA,6-4,219,Forward,Undrafted,Undrafted,Undrafted
1631048,Charles Teeters,Yale,USA,6-6,235,Forward,Undrafted,Undrafted,Undrafted
1631049,Robert Warburton,                                   ,Germany,6-7,180,Guard,Undrafted,Undrafted,Undrafted
1631050,Bobbie Hollifield,Tennessee-Chattanooga,Turkey,6-6,240,Guard,Undrafted,Undrafted,Undrafted
1631051,David Richardson,Southern Methodist,USA,7-0,228,Guard,Undrafted,Undrafted,Undrafted
1631052,Edward Rowland,Wake Forest,USA,6-0,225,Guard-Forward,Undrafted,Undrafted,Undrafted
1631053,George Jeske,Mississippi,Germany,6-6,193,Forward,Undrafted,Undrafted,Undrafted
1631054,Weldon Sanchez,Stanford,USA,6-9,232,Guard-Forward,Undrafted,Undrafted,Undrafted
1631055,Richard Roberto,Louisville,USA,6-10,210,Forward,Undrafted,Undrafted,Undrafted
1631056,Booker Holland,Michigan,France,6-6,190,Forward,Undrafted,Undrafted,Undrafted
1631057,Nicholas Rocha,College,USA,6-3,206,Guard-Forward,Undrafted,Undrafted,Undrafted
1631058,Frank Mcanulty,Arkansas,USA,6-3,219,Forward-Center,Undrafted,Undrafted,Undrafted
1631059,Riley Hinderman,Tennessee,USA,6-5,250,Forward,Undrafted,Undrafted,Undrafted
1631060,James Minter,Texas,USA,7-0,200,Guard,Undrafted,Undrafted,Undrafted
1631061,James Harjo,UNC-Wilmington,Italy,6-5,195,Center,Undrafted,Undrafted,Undrafted
1631062,Mark Pacheco,Louisiana State,USA,6-4,195,Guard,Undrafted,Undrafted,Undrafted
1631063,Alvin Whitesides,Virginia,USA,6-11,225,Guard,Undrafted,Undrafted,Undrafted
1631064,Sam Peterson,Michigan,Sudan,6-5,213,Guard,Undrafted,Undrafted,Undrafted
1631065,Richard Bernal,Kentucky,USA,6-6,248,Guard,Undrafted,Undrafted,Undrafted
1631066,Robert Duffy,Iowa State,Canada,6-6,226,Guard,Undrafted,Undrafted,Undrafted
1631067,Todd Carrizales,Baylor,Australia,6-4,225,Guard,Undrafted,Undrafted,Undrafted
1631068,Anthony Ware,Texas,USA,6-1,195,Guard,Undrafted,Undrafted,Undrafted
1631069,Robert Lowe,Indiana,Japan,6-5,220,Guard,Undrafted,Undrafted,Undrafted
1631070,Martin Hollins,Arkansas,USA,6-6,220,Guard-Forward,Undrafted,Undrafted,Undrafted
1631071,Brandon Mcmullen,Gonzaga,USA,6-9,180,Center,Undrafted,Undrafted,Undrafted
1631072,Samuel Hughes,Georgetown,USA,6-4,240,Forward,Undrafted,Undrafted,Undrafted
1631073,Billy Hardy,                                   ,USA,6-4,222,Forward,Undrafted,Undrafted,Undrafted
1631074,Cecil Castor,Nevada,USA,6-4,197,Guard,Undrafted,Undrafted,Undrafted
1631075,Nathan Aguirre,Maryland,USA,6-3,185,Guard,Undrafted,Undrafted,Undrafted
1631076,James Giordano,Mississippi State,USA,6-4,232,Forward,Undrafted,Undrafted,Undrafted
1631077,William Hovey,UCF,USA,7-0,200,Center,Undrafted,Undrafted,Undrafted
1631078,Harold Henderson,Iowa State,USA,6-9,205,Forward,Undrafted,Undrafted,Undrafted
1631079,Donald Higdon,Alabama,USA,6-10,183,Forward-Center,Undrafted,Undrafted,Undrafted
1631080,James Hope,Georgia Tech,USA,6-8,250,Forward,Undrafted,Undrafted,Undrafted
1631081,Marvin Albright,                                   ,Argentina,6-5,220,Forward,Undrafted,Undrafted,Undrafted
1631082,Fred Rahm,Western Kentucky,France,6-5,202,Forward,Undrafted,Undrafted,Undrafted
1631083,Francis Fietek,Villanova,USA,6-6,204,Forward,Undrafted,Undrafted,Undrafted
1631084,Scott Barrett,Marquette,USA,6-3,195,Forward-Center,Undrafted,Undrafted,Undrafted
1631085,Theodore Galvez,Southern California,USA,6-0,254,Center,Undrafted,Undrafted,Undrafted
1631086,Carl Larson,Vermont,France,6-6,198,Forward-Center,Undrafted,Undrafted,Undrafted
1631087,Stephen Cisneros,Indiana,Canada,6-11,218,Guard-Forward,Undrafted,Undrafted,Undrafted
1631088,Adam Dececco,Ohio State,USA,6-4,185,Forward,Undrafted,Undrafted,Undrafted
1631089,John Moore,Oklahoma,USA,6-2,170,Guard,Undrafted,Undrafted,Undrafted
1631090,John Weaver,New Zealand Breakers,USA,6-7,230,Guard,Undrafted,Undrafted,Undrafted
1631091,Kenneth Black,Kentucky,USA,6-6,220,Guard,Undrafted,Undrafted,Undrafted
1631092,Thomas Mendez,Arkansas-Little Rock,USA,6-3,250,Forward,Undrafted,Undrafted,Undrafted
1631093,Javier Brackley,Notre Dame,USA,6-4,203,Guard,Undrafted,Undrafted,Undrafted
1631094,Ross Morton,North Carolina,USA,6-9,178,Guard,Undrafted,Undrafted,Undrafted
1631095,Raymond Clay,Auburn,USA,6-5,210,Guard-Forward,Undrafted,Undrafted,Undrafted
1631096,Charles Wilson,Gonzaga,USA,6-2,185,Forward,Undrafted,Undrafted,Undrafted
1631097,Frederick Asmussen,Nebraska,Ukraine,6-7,218,Forward,Undrafted,Undrafted,Undrafted
1631098,Robert Austin,Alabama,USA,6-6,195,Guard-Forward,Undrafted,Undrafted,Undrafted
1631099,Ralph Lingo,Wake Forest,USA,6-7,198,Forward,Undrafted,Undrafted,Undrafted
1631100,John Maze,Oregon,USA,6-1,215,Guard,Undrafted,Undrafted,Undrafted
1631101,John Harrison,Gonzaga,USA,6-7,196,Forward,Undrafted,Undrafted,Undrafted
1631102,Fidel Walker,Southern California,USA,6-8,248,Forward,Undrafted,Undrafted,Undrafted
1631103,Corey Seelbach,Georgia,USA,6-2,230,Forward,Undrafted,Undrafted,Undrafted
1631104,Zachary Foster,Yale,USA,6-11,205,Center-Forward,Undrafted,Undrafted,Undrafted
1631105,Gregg Rubert,North Carolina State,USA,6-1,250,Guard,Undrafted,Undrafted,Undrafted
1631106,Jonathan Greene,Kentucky,USA,6-3,195,Guard,Undrafted,Undrafted,Undrafted
1631107,Gordon Milton,Georgia,Jamaica,6-7,195,Center-Forward,Undrafted,Undrafted,Undrafted
1631108,Barry Beauregard,Maryland,USA,6-0,222,Guard,Undrafted,Undrafted,Undrafted
1631109,Robert Moore,Louisana-Lafayette,USA,6-9,210,Center,Undrafted,Undrafted,Undrafted
1631110,Robert Flores,West Virginia,USA,6-8,200,Guard,Undrafted,Undrafted,Undrafted
1631111,Brad Crissler,Fresno State,USA,6-8,229,Guard,Undrafted,Undrafted,Undrafted
1631112,Raymond Ingle,Miami,USA,6-8,220,Guard,Undrafted,Undrafted,Undrafted
1631113,James Walters,Vanderbilt,USA,6-9,210,Center,Undrafted,Undrafted,Undrafted
1631114,Michael Lanigan,Florida State,France,6-9,240,Center,Undrafted,Undrafted,Undrafted
1631115,John Courser,IMG Academy (FL),USA,6-4,215,Guard,Undrafted,Undrafted,Undrafted
1631116,Julio Blair,Stanford,USA,6-4,265,Center,Undrafted,Undrafted,Undrafted
1631117,Ricardo Rogriguez,George Washington,USA,6-4,230,Guard-Forward,Undrafted,Undrafted,Undrafted
1631118,Richard Josey,North Carolina State,USA,7-0,280,Forward,Undrafted,Undrafted,Undrafted
1631119,Miguel Ainslie,Xavier,USA,6-4,192,Guard,Undrafted,Undrafted,Undrafted
1631120,Michael Kyseth,Tennessee,USA,6-9,248,Forward,Undrafted,Undrafted,Undrafted
1631121,Tony Martinez,Asvel,USA,6-5,223,Forward-Guard,Undrafted,Undrafted,Undrafted
1631122,Jay Piccard,Besiktas,USA,6-3,195,Forward,Undrafted,Undrafted,Undrafted
1631123,Earl Magana,Duke,USA,6-9,185,Forward,Undrafted,Undrafted,Undrafted
1631124,Andrew Chick,Austin Peay,Australia,6-7,175,Guard,Undrafted,Undrafted,Undrafted
1631125,Samuel Hamilton,Louisville,USA,6-5,215,Forward,Undrafted,Undrafted,Undrafted
1631126,Faustino Quivers,Michigan State,Germany,6-2,240,Forward-Center,Undrafted,Undrafted,Undrafted
1631127,David Moser,Lehigh,Germany,6-7,225,Forward,Undrafted,Undrafted,Undrafted
1631128,Eugene Calvery,Washington,USA,6-5,179,Guard-Forward,Undrafted,Undrafted,Undrafted
1631129,Lawrence Mullins,Oregon,Brazil,6-0,225,Guard-Forward,Undrafted,Undrafted,Undrafted
1631130,Peter Branton,Texas,Australia,6-6,220,Guard,Undrafted,Undrafted,Undrafted
1631131,Rudy Kerfoot,Gonzaga,USA,6-9,165,Guard-Forward,Undrafted,Undrafted,Undrafted
1631132,Antonio Busch,Duke,USA,7-1,195,Guard,Undrafted,Undrafted,Undrafted
1631133,Steven Jackson,Michigan,USA,6-9,205,Forward,Undrafted,Undrafted,Undrafted
1631134,Marc Hutchison,Lehigh,USA,6-6,169,Guard-Forward,Undrafted,Undrafted,Undrafted
1631135,Richard Keith,Bucknell,USA,6-2,240,Guard,Undrafted,Undrafted,Undrafted
1631136,Josue Laura,Kansas,Canada,6-8,183,Guard,Undrafted,Undrafted,Undrafted
1631137,Joshua Taylor,UCLA,USA,5-11,176,Guard-Forward,Undrafted,Undrafted,Undrafted
1631138,David Hudson,Houston,USA,7-0,220,Forward,Undrafted,Undrafted,Undrafted
1631139,Curt Iverson,Gonzaga,USA,6-6,248,Guard-Forward,Undrafted,Undrafted,Undrafted
1631140,Rudolph Chavarria,Duke,USA,6-7,240,Forward,Undrafted,Undrafted,Undrafted
1631141,George Medellin,Villanova,USA,6-2,220,Guard,Undrafted,Undrafted,Undrafted
1631142,Kent Williams,Fresno State,USA,6-5,180,Guard,Undrafted,Undrafted,Undrafted
1631143,Curtis Farrell,Virginia,USA,6-8,183,Center,Undrafted,Undrafted,Undrafted
1631144,David Rivera,Texas,United Kingdom,6-7,179,Guard,Undrafted,Undrafted,Undrafted
1631145,Allen Shireman,Michigan,USA,6-11,195,Forward,Undrafted,Undrafted,Undrafted
1631146,Williams Dalton,Washington,USA,6-7,234,Forward,Undrafted,Undrafted,Undrafted
1631147,Antonio Steinbach,Kansas,USA,6-4,231,Guard,Undrafted,Undrafted,Undrafted
1631148,Freddie Purdy,Georgia,USA,6-7,190,Guard,Undrafted,Undrafted,Undrafted
1631149,Gregory Perham,Alabama,USA,6-11,205,Guard,Undrafted,Undrafted,Undrafted
1631150,Amos Davis,Virginia Tech,USA,6-6,216,Guard,Undrafted,Undrafted,Undrafted
1631151,Myron Oster,Michigan,USA,6-3,195,Guard,Undrafted,Undrafted,Undrafted
1631152,Walter Werner,Arkansas-Little Rock,USA,6-9,180,Center,Undrafted,Undrafted,Undrafted
1631153,Ronald Lopez,Kentucky,USA,6-0,220,Guard,Undrafted,Undrafted,Undrafted
1631154,Omar Franks,Arizona,USA,6-9,200,Forward,Undrafted,Undrafted,Undrafted
1631155,Eugene Natividad,Princeton HS (OH),Turkey,6-2,225,Forward,Undrafted,Undrafted,Undrafted
1631156,Milton Masuda,Maryland,United Kingdom,6-8,200,Forward,Undrafted,Undrafted,Undrafted
1631157,Charles Cook,Cajasol Sevilla,USA,6-2,229,Forward,Undrafted,Undrafted,Undrafted
1631158,Bryan Pride,Michigan,USA,6-10,210,Forward-Guard,Undrafted,Undrafted,Undrafted
1631159,Toby Spady,Duke,USA,6-1,193,Guard,Undrafted,Undrafted,Undrafted
1631160,Fred Mcalexander,Duke,USA,6-0,220,Guard,Undrafted,Undrafted,Undrafted
1631161,Donald Baker,Xavier,USA,6-5,224,Guard,Undrafted,Undrafted,Undrafted
1631162,Carlos Draves,Olimpia Milano,USA,6-11,226,Forward,Undrafted,Undrafted,Undrafted
1631163,Randall Taylor,Kentucky,Argentina,6-8,215,Forward,Undrafted,Undrafted,Undrafted
1631164,Jose Thomas,Iowa State,USA,6-7,205,Forward,Undrafted,Undrafted,Undrafted
1631165,Rick Hampton,North Carolina,Germany,6-10,275,Forward,Undrafted,Undrafted,Undrafted
1631166,Robert Boyles,Arizona,USA,6-5,225,Guard,Undrafted,Undrafted,Undrafted
1631167,Leonard Bachman,Cincinnati,USA,6-4,234,Guard-Forward,Undrafted,Undrafted,Undrafted
1631168,Edmond Ratchford,Duke,USA,6-11,195,Forward,Undrafted,Undrafted,Undrafted
1631169,Matt Cavett,Indiana-Purdue Fort Wayne,USA,6-9,203,Forward,Undrafted,Undrafted,Undrafted
1631170,Mark Soland,Kentucky,USA,6-6,225,Forward,Undrafted,Undrafted,Undrafted
1631171,John Hunter,TCU,USA,6-4,228,Forward,Undrafted,Undrafted,Undrafted
1631172,Craig Nelson,Florida State,USA,6-3,236,Guard,Undrafted,Undrafted,Undrafted
1631173,Bradley Chase,Tennessee,USA,6-5,190,Forward,Undrafted,Undrafted,Undrafted
1631174,Ryan Bailey,DePaul,USA,6-6,219,Guard,Undrafted,Undrafted,Undrafted
1631175,Daniel Robinson,Kansas,USA,6-5,270,Guard,Undrafted,Undrafted,Undrafted
1631176,John Davis,Arkansas-Little Rock,USA,6-7,210,Center,Undrafted,Undrafted,Undrafted
1631177,Greg Thompson,Nevada,USA,6-1,215,Guard,Undrafted,Undrafted,Undrafted
1631178,Bruce Harley,Radford,France,6-7,202,Center-Forward,Undrafted,Undrafted,Undrafted
1631179,Pedro Palmer,Kentucky,USA,6-5,210,Guard,Undrafted,Undrafted,Undrafted
1631180,Keith Romero,Indiana,USA,6-8,230,Guard,Undrafted,Undrafted,Undrafted
1631181,Robert Helle,Kentucky,USA,6-0,265,Guard,Undrafted,Undrafted,Undrafted
1631182,Clifford Harris,Georgia,USA,6-5,201,Forward,Undrafted,Undrafted,Undrafted
1631183,Sean Barbe,Oklahoma,USA,7-2,212,Forward,Undrafted,Undrafted,Undrafted
1631184,Omar Webber,Michigan,USA,6-2,206,Guard,Undrafted,Undrafted,Undrafted
1631185,Rodney Graham,Villanova,USA,6-6,170,Guard,Undrafted,Undrafted,Undrafted
1631186,Edward Richardson,Arizona,USA,6-5,233,Forward,Undrafted,Undrafted,Undrafted
1631187,Kenneth Bennett,Kansas,Switzerland,6-8,188,Guard,Undrafted,Undrafted,Undrafted
1631188,Daniel Weiland,South Carolina Upstate,USA,6-4,220,Guard,Undrafted,Undrafted,Undrafted
1631189,Robert Dunphy,Gonzaga,USA,7-0,174,Guard,Undrafted,Undrafted,Undrafted
1631190,William Eichmann,Duke,Brazil,6-7,240,Guard-Forward,Undrafted,Undrafted,Undrafted
1631191,John Kidd,Michigan,USA,6-2,195,Forward,Undrafted,Undrafted,Undrafted
1631192,Bernard Nielson,Texas A&M,USA,6-5,225,Forward,Undrafted,Undrafted,Undrafted
1631193,Theron Yoder,Virginia,USA,6-3,195,Forward,Undrafted,Undrafted,Undrafted
1631194,Stephen Petersen,Connecticut,USA,6-2,209,Guard,Undrafted,Undrafted,Undrafted
1631195,Scott Gary,Kentucky,USA,6-6,248,Guard,Undrafted,Undrafted,Undrafted
1631196,Scott Dubard,Florida Gulf Coast,USA,6-9,200,Forward,Undrafted,Undrafted,Undrafted
1631197,Michael Pearl,Villanova,USA,6-2,240,Guard,Undrafted,Undrafted,Undrafted
1631198,Paul Moreno,St. Mary's,USA,6-4,206,Forward,Undrafted,Undrafted,Undrafted
1631199,Vernon Medlar,Louisville,Canada,6-5,275,Guard,Undrafted,Undrafted,Undrafted
1631200,Calvin Sottile,Texas,Canada,6-1,175,Guard,Undrafted,Undrafted,Undrafted
1631201,Jeffrey Brown,North Carolina State,USA,6-4,192,Guard,Undrafted,Undrafted,Undrafted
1631202,Philip Sellers,Colorado,USA,6-8,217,Guard,Undrafted,Undrafted,Undrafted
1631203,Bennie Barton,Gonzaga,USA,6-7,205,Forward,Undrafted,Undrafted,Undrafted
1631204,Victor Davis,                                   ,Nigeria,6-8,225,Center-Forward,Undrafted,Undrafted,Undrafted
1631205,William Petros,Connecticut,USA,6-8,205,Center,Undrafted,Undrafted,Undrafted
1631206,Morris Patterson,France,USA,6-4,200,Guard,Undrafted,Undrafted,Undrafted
1631207,Scott Banda,Iowa State,USA,6-4,220,Guard,Undrafted,Undrafted,Undrafted
1631208,Brian Pittsley,Vanderbilt,DRC,6-5,209,Guard,Undrafted,Undrafted,Undrafted
1631209,Michael Smith,Tulsa,Saint Lucia,7-0,234,Guard,Undrafted,Undrafted,Undrafted
1631210,Steve Allen,Southern California,USA,6-4,205,Forward-Center,Undrafted,Undrafted,Undrafted
1631211,Billy Murray,Arizona State,USA,6-11,281,Forward-Center,Undrafted,Undrafted,Undrafted
1631212,Clifford Gayhart,Illawarra,USA,6-2,205,Forward,Undrafted,Undrafted,Undrafted
1631213,Timothy Taylor,Texas-Austin,USA,6-8,224,Guard,Undrafted,Undrafted,Undrafted
1631214,Hugh Smith,Kansas,USA,6-7,183,Forward,Undrafted,Undrafted,Undrafted
1631215,Daniel Erickson,Kentucky,Canada,6-3,205,Guard,Undrafted,Undrafted,Undrafted
1631216,Juan Sadler,UCLA,USA,6-1,204,Center,Undrafted,Undrafted,Undrafted
1631217,Robert Wright,La Salle,USA,6-7,179,Forward,Undrafted,Undrafted,Undrafted
1631218,Jason Koll,Gonzaga,USA,6-6,240,Forward,Undrafted,Undrafted,Undrafted
1631219,Kevin Ledesma,Virginia,Georgia,6-5,250,Guard,Undrafted,Undrafted,Undrafted
1631220,Ronald Black,Gonzaga,USA,6-6,234,Guard,Undrafted,Undrafted,Undrafted
1631221,Preston Burdett,Fenerbahce,USA,6-4,225,Forward-Center,Undrafted,Undrafted,Undrafted
1631222,Blake Abbott,Washington,USA,6-4,240,Guard,Undrafted,Undrafted,Undrafted
1631223,Greg Smith,Indiana-Purdue Indianapolis,USA,6-7,225,Guard,Undrafted,Undrafted,Undrafted
1631224,Johnny Bradshaw,New Mexico,USA,6-10,180,Forward-Center,Undrafted,Undrafted,Undrafted
1631225,Larry Wilkerson,UCLA,Lithuania,6-5,225,Forward,Undrafted,Undrafted,Undrafted
1631226,Dwayne Parker,St. Mary's,France,6-5,185,Forward-Guard,Undrafted,Undrafted,Undrafted
1631227,Aaron Taylor,Tennessee,USA,6-3,169,Forward-Center,Undrafted,Undrafted,Undrafted
1631228,Edgar Smith,Baylor,USA,6-7,240,Guard-Forward,Undrafted,Undrafted,Undrafted
1631229,Michael Morrison,Texas-Austin,United Kingdom,6-0,190,Guard,Undrafted,Undrafted,Undrafted
1631230,Ernest Kilgore,Louisville,USA,6-8,199,Forward-Center,Undrafted,Undrafted,Undrafted
1631231,Dale Even,Georgia Tech,USA,6-5,220,Guard,Undrafted,Undrafted,Undrafted
1631232,Kendall Kniffen,North Carolina,USA,6-6,200,Guard,Undrafted,Undrafted,Undrafted
1631233,William Rowald,North Carolina,USA,6-6,245,Forward-Center,Undrafted,Undrafted,Undrafted
1631234,Michael Mccarron,North Carolina,USA,7-0,210,Guard,Undrafted,Undrafted,Undrafted
1631235,Matthew Helwig,Cal-Santa Barbara,USA,6-1,230,Forward,Undrafted,Undrafted,Undrafted
1631236,Charles Kuykendall,Wake Forest,Nigeria,6-5,240,Forward,Undrafted,Undrafted,Undrafted
1631237,Lamar Fisher,Iowa State,USA,6-1,200,Forward,Undrafted,Undrafted,Undrafted
1631238,Andrew Robinson,Villanova,Australia,6-4,185,Forward,Undrafted,Undrafted,Undrafted
1631239,Thomas Poulton,Anadolu Efes,USA,6-7,240,Forward,Undrafted,Undrafted,Undrafted
1631240,Ernest Noonan,Boston College,USA,6-5,209,Guard-Forward,Undrafted,Undrafted,Undrafted
1631241,Jose Tu,Villanova,USA,6-1,237,Guard,Undrafted,Undrafted,Undrafted
1631242,Robert Dunham,UCLA,USA,6-0,204,Guard-Forward,Undrafted,Undrafted,Undrafted
1631243,Robert Hickman,Michigan,USA,6-9,250,Guard,Undrafted,Undrafted,Undrafted
1631244,Lester Condie,Duke,USA,6-2,186,Forward,Undrafted,Undrafted,Undrafted
1631245,William Ledoux,Vanderbilt,USA,6-10,245,Forward-Center,Undrafted,Undrafted,Undrafted
1631246,Mark Kimrey,Georgia Tech,USA,6-1,240,Guard-Forward,Undrafted,Undrafted,Undrafted
1631247,John Stanton,Marquette,USA,6-6,240,Forward-Guard,Undrafted,Undrafted,Undrafted
1631248,George Hallaway,San Diego State,USA,6-8,195,Forward-Center,Undrafted,Undrafted,Undrafted
1631249,David Deems,Florida,USA,6-3,227,Guard,Undrafted,Undrafted,Undrafted
1631250,John Stoeger,Washington,USA,6-6,210,Guard,Undrafted,Undrafted,Undrafted
1631251,Clarence Bramlett,Oregon,USA,6-3,232,Forward,Undrafted,Undrafted,Undrafted
1631252,Brian Lecompte,Kentucky,USA,6-5,250,Guard,Undrafted,Undrafted,Undrafted
1631253,Robert Bullock,Le Mans,USA,6-6,196,Guard,Undrafted,Undrafted,Undrafted
1631254,Samuel Hamamoto,Arizona State,Canada,6-2,220,Forward-Center,Undrafted,Undrafted,Undrafted
1631255,Randy Swanson,NBA G League Ignite,Montenegro,6-7,230,Guard,Undrafted,Undrafted,Undrafted
1631256,David Ploss,Auburn,USA,6-5,215,Forward,Undrafted,Undrafted,Undrafted
1631257,John Benefield,Florida Gulf Coast,Turkey,6-8,190,Guard,Undrafted,Undrafted,Undrafted
1631258,Joe Jenkins,Duke,USA,6-0,180,Forward,Undrafted,Undrafted,Undrafted
1631259,Ken Frazier,Butler,USA,6-7,203,Guard,Undrafted,Undrafted,Undrafted
1631260,Kenneth Kimball,Southern California,USA,6-10,234,Forward,Undrafted,Undrafted,Undrafted
1631261,John Brasher,Real Madrid,France,6-10,206,Center-Forward,Undrafted,Undrafted,Undrafted
1631262,Gilbert Fitzgerald,Radford,Switzerland,6-8,210,Center,Undrafted,Undrafted,Undrafted
1631263,James Jones,Minnesota,USA,6-0,205,Guard,Undrafted,Undrafted,Undrafted
1631264,Juan Drouin,Georgetown,USA,6-7,175,Guard,Undrafted,Undrafted,Undrafted
1631265,Thomas Shinabarger,Filathlitikos,USA,6-5,250,Guard-Forward,Undrafted,Undrafted,Undrafted
1631266,Larry Burch,Arizona,USA,6-6,220,Guard-Forward,Undrafted,Undrafted,Undrafted
1631267,Jasper Lewis,Kansas,France,6-9,215,Forward-Center,Undrafted,Undrafted,Undrafted
1631268,Anthony Griggs,Cincinnati,Serbia,6-8,231,Guard,Undrafted,Undrafted,Undrafted
1631269,William Justice,Ohio State,USA,6-7,206,Guard,Undrafted,Undrafted,Undrafted
1631270,Samuel Beiler,Wisconsin,USA,6-2,240,Guard-Forward,Undrafted,Undrafted,Undrafted
1631271,Eric Dean,Davidson,USA,6-5,243,Forward-Guard,Undrafted,Undrafted,Undrafted
1631272,Lonny Hysmith,Florida Gulf Coast,USA,6-7,207,Forward,Undrafted,Undrafted,Undrafted
1631273,Nicholas Hancock,                                   ,Canada,6-6,170,Forward-Center,Undrafted,Undrafted,Undrafted
1631274,Christopher Clark,Princeton,USA,6-9,220,Guard,Undrafted,Undrafted,Undrafted
1631275,Walter Estler,NBA G League Ignite,USA,6-9,200,Forward-Center,Undrafted,Undrafted,Undrafted
1631276,Ellis Latham,Wichita State,USA,6-7,175,Guard,Undrafted,Undrafted,Undrafted
1631277,Robert Kuhls,Miami,Slovenia,6-4,230,Forward,Undrafted,Undrafted,Undrafted
1631278,Paul Mcmath,Florida State,USA,6-9,195,Guard-Forward,Undrafted,Undrafted,Undrafted
1631279,Vernon Morales,North Carolina,USA,6-8,185,Guard,Undrafted,Undrafted,Undrafted
1631280,Wesley Briscoe,UCF,Georgia,6-5,210,Center,Undrafted,Undrafted,Undrafted
1631281,Rudy Burlin,Pittsburgh,USA,6-6,185,Forward,Undrafted,Undrafted,Undrafted
1631282,Ted Thompson,Western Kentucky,USA,6-9,210,Forward,Undrafted,Undrafted,Undrafted
1631283,Arthur Hupp,Morehead State,USA,7-3,240,Guard-Forward,Undrafted,Undrafted,Undrafted
1631284,Steven Collins,Florida State,USA,6-1,202,Guard,Undrafted,Undrafted,Undrafted
1631285,Corey Fogle,Georgia,Gabon,6-6,208,Forward,Undrafted,Undrafted,Undrafted
1631286,Anthony Mcauliffe,Georgia Tech,USA,6-2,179,Guard,Undrafted,Undrafted,Undrafted
1631287,Vincent Gray,Louisville,USA,6-9,230,Center,Undrafted,Undrafted,Undrafted
1631288,Richard Walters,Oklahoma State,USA,6-1,248,Forward,Undrafted,Undrafted,Undrafted
1631289,John Haber,Ratiopharm Ulm,USA,6-3,220,Center-Forward,Undrafted,Undrafted,Undrafted
1631290,Christopher Freuden,Georgia Tech,USA,6-9,216,Guard,Undrafted,Undrafted,Undrafted
1631291,John Turco,Kentucky,USA,6-4,220,Forward-Center,Undrafted,Undrafted,Undrafted
1631292,Brandon Atkins,Poitiers Basket 86,USA,7-0,240,Forward,Undrafted,Undrafted,Undrafted
1631293,Mauricio Coryell,                                   ,USA,6-10,200,Forward,Undrafted,Undrafted,Undrafted
1631294,David Gower,Oregon State,USA,6-6,185,Forward,Undrafted,Undrafted,Undrafted
1631295,Robert Mclaughlin,Iowa,USA,6-5,282,Forward,Undrafted,Undrafted,Undrafted
1631296,George Anthony,Arizona State,France,6-4,205,Guard,Undrafted,Undrafted,Undrafted
1631297,Mark Morgan,Ratiopharm Ulm,USA,6-8,215,Guard,Undrafted,Undrafted,Undrafted
1631298,Wesley Swift,Utah State,USA,6-6,235,Guard,Undrafted,Undrafted,Undrafted
1631299,Lloyd Armstrong,Washington State,USA,6-8,234,Guard-Forward,Undrafted,Undrafted,Undrafted
1631300,William Jurado,Vanderbilt,USA,6-8,196,Forward,Undrafted,Undrafted,Undrafted
1631301,Matthew Spires,Princeton,USA,6-11,235,Forward,Undrafted,Undrafted,Undrafted
1631302,Howard Claunch,Florida,USA,6-6,220,Forward,Undrafted,Undrafted,Undrafted
1631303,Charles Pagano,Louisville,Spain,6-8,185,Guard,Undrafted,Undrafted,Undrafted
1631304,Kenneth Baum,Anadolu Efes,USA,6-6,210,Forward-Guard,Undrafted,Undrafted,Undrafted
1631305,Larry Bickford,Strasbourg IG,USA,6-5,245,Forward-Center,Undrafted,Undrafted,Undrafted
1631306,Jimmie Dillard,TCU,USA,6-5,240,Guard-Forward,Undrafted,Undrafted,Undrafted
1631307,David Robinson,UCLA,Germany,6-8,245,Forward,Undrafted,Undrafted,Undrafted
1631308,Louis Maldonado,Besiktas,USA,6-5,195,Guard,Undrafted,Undrafted,Undrafted
1631309,Louis Fair,North Carolina,USA,6-10,205,Forward-Center,Undrafted,Undrafted,Undrafted
1631310,Robert Twogood,Kentucky,USA,6-2,220,Guard,Undrafted,Undrafted,Undrafted
1631311,David Martinez,Arizona State,USA,6-9,207,Forward,Undrafted,Undrafted,Undrafted
1631312,William Fett,Arizona,USA,6-6,190,Forward,Undrafted,Undrafted,Undrafted
1631313,William Powers,Drexel,USA,6-8,222,Guard,Undrafted,Undrafted,Undrafted
1631314,Eugene Nguyen,Georgia Tech,USA,5-10,235,Forward-Guard,Undrafted,Undrafted,Undrafted
1631315,Adam Fayne,Western Kentucky,USA,6-7,220,Center,Undrafted,Undrafted,Undrafted
1631316,Scott Susana,Virginia,USA,6-0,183,Guard,Undrafted,Undrafted,Undrafted
1631317,William Allis,Southern California,Bahamas,6-4,197,Forward,Undrafted,Undrafted,Undrafted
1631318,Matthew Wildridge,Olympiacos,USA,6-6,205,Guard,Undrafted,Undrafted,Undrafted
1631319,Sean Crandall,Alabama,Democratic Republic of the Congo,6-9,192,Forward,Undrafted,Undrafted,Undrafted
1631320,Marcus Hileman,Southern Methodist,USA,6-4,181,Guard-Forward,Undrafted,Undrafted,Undrafted
1631321,Darin Fisher,Villanova,Canada,6-0,190,Guard,Undrafted,Undrafted,Undrafted
1631322,James Hill,NBA G League Ignite,USA,6-5,245,Forward,Undrafted,Undrafted,Undrafted
1631323,Cesar Butler,Southern California,Germany,6-7,200,Center,Undrafted,Undrafted,Undrafted
1631324,David Christensen,UNLV,USA,6-9,311,Forward,Undrafted,Undrafted,Undrafted
1631325,Clinton Welty,Lincoln Memorial,USA,7-0,174,Forward,Undrafted,Undrafted,Undrafted
1631326,Terry Green,Auburn,USA,6-5,279,Forward,Undrafted,Undrafted,Undrafted
1631327,Edward Frazier,Michigan,USA,6-0,185,Guard-Forward,Undrafted,Undrafted,Undrafted
1631328,Richard Griffin,Wake Forest,USA,6-5,230,Forward-Guard,Undrafted,Undrafted,Undrafted
1631329,Edwardo Forest,St. Mary's,USA,5-10,192,Guard,Undrafted,Undrafted,Undrafted
1631330,Hector Lee,Stanford,Canada,6-3,213,Forward,Undrafted,Undrafted,Undrafted
1631331,David Mccabe,,USA,6-11,194,Guard-Forward,Undrafted,Undrafted,Undrafted
1631332,Daniel Collins,Auburn,Nigeria,6-5,195,Guard,Undrafted,Undrafted,Undrafted
1631333,Nathan Osborne,Western Kentucky,USA,6-8,216,Guard,Undrafted,Undrafted,Undrafted
1631334,John Holmes,San Diego State,Lithuania,6-11,200,Forward,Undrafted,Undrafted,Undrafted
1631335,Joel Rodriguez,Virginia,USA,6-5,240,Forward,Undrafted,Undrafted,Undrafted
1631336,John Foster,Oklahoma State,Spain,6-7,205,Forward,Undrafted,Undrafted,Undrafted
1631337,Jerry Moon,TCU,USA,6-10,248,Guard,Undrafted,Undrafted,Undrafted
1631338,Timothy Rivera,                                   ,Nigeria,6-4,255,Guard,Undrafted,Undrafted,Undrafted
1631339,Donald Glisson,North Carolina,Bahamas,6-5,230,Guard,Undrafted,Undrafted,Undrafted
1631340,Wesley Garcia,Wisconsin,USA,6-9,221,Center,Undrafted,Undrafted,Undrafted
1631341,Steven Valentine,North Carolina,France,6-7,203,Guard,Undrafted,Undrafted,Undrafted
1631342,Bernard Frith,Gonzaga,USA,6-4,190,Guard,Undrafted,Undrafted,Undrafted
1631343,Walter Vining,Michigan State,USA,6-7,220,Guard,Undrafted,Undrafted,Undrafted
1631344,Dario Allen,Gonzaga,USA,6-10,190,Guard,Undrafted,Undrafted,Undrafted
1631345,Fred Morse,Georgia Tech,USA,6-10,232,Forward,Undrafted,Undrafted,Undrafted
1631346,Roberto Gattis,Indiana,USA,6-8,255,Guard-Forward,Undrafted,Undrafted,Undrafted
1631347,Patrick Crockett,Dayton,USA,6-5,221,Forward,Undrafted,Undrafted,Undrafted
1631348,Luke Merlino,Nevada,USA,6-5,214,Guard,Undrafted,Undrafted,Undrafted
1631349,Hugo Hadley,Ohio State,Canada,6-7,240,Forward,Undrafted,Undrafted,Undrafted
1631350,Rodney Thomas,IMG Academy (FL),USA,6-9,190,Guard,Undrafted,Undrafted,Undrafted
1631351,Michael Roberts,Florida,Lithuania,6-7,235,Guard,Undrafted,Undrafted,Undrafted
1631352,Donnell Bauer,Washington State,USA,6-3,195,Forward,Undrafted,Undrafted,Undrafted
1631353,Luis Dooley,Marquette,USA,6-2,240,Guard,Undrafted,Undrafted,Undrafted
1631354,Peter Wilson,Duke,USA,6-9,200,Center,Undrafted,Undrafted,Undrafted
1631355,Peter Huntington,Kansas State,USA,6-5,234,Guard,Undrafted,Undrafted,Undrafted
1631356,Samuel Meekins,Syracuse,USA,6-7,217,Forward-Guard,Undrafted,Undrafted,Undrafted
1631357,Richard Patel,Virginia,USA,6-6,270,Guard,Undrafted,Undrafted,Undrafted
1631358,John Abrams,Union Olimpija,USA,6-11,220,Guard,Undrafted,Undrafted,Undrafted
1631359,Michael Mcmahon,Florida State,USA,6-9,197,Center,Undrafted,Undrafted,Undrafted
1631360,Brian Perez,Iowa State,USA,7-1,240,Guard,Undrafted,Undrafted,Undrafted
1631361,Kevin Sales,North Carolina,USA,6-8,207,Forward,Undrafted,Undrafted,Undrafted
1631362,Frank Whelan,North Carolina,USA,6-3,174,Forward,Undrafted,Undrafted,Undrafted
1631363,Ronald Mellerson,Michigan State,Australia,6-4,185,Forward,Undrafted,Undrafted,Undrafted
1631364,Kristopher Lucas,Utah,USA,6-4,240,Center,Undrafted,Undrafted,Undrafted
1631365,Larry Will,Connecticut,USA,6-7,214,Forward,Undrafted,Undrafted,Undrafted
1631366,Elmer Alexander,Oklahoma,Lithuania,6-5,190,Guard,Undrafted,Undrafted,Undrafted
1631367,Gerardo Flores,                                   ,USA,6-5,256,Guard,Undrafted,Undrafted,Undrafted
1631368,Richard Scott,Memphis,Montenegro,6-3,190,Forward,Undrafted,Undrafted,Undrafted
1631369,Brian Lowery,Ratiopharm Ulm,USA,6-2,210,Guard,Undrafted,Undrafted,Undrafted
1631370,Oliver Rollag,Missouri,USA,6-8,185,Forward,Undrafted,Undrafted,Undrafted
1631371,Jerry Chavez,Auburn,Canada,6-6,209,Forward-Center,Undrafted,Undrafted,Undrafted
1631372,Arthur Bull,Kentucky,USA,6-6,195,Guard,Undrafted,Undrafted,Undrafted
1631373,Pablo Pflug,Virginia Tech,USA,6-5,204,Guard-Forward,Undrafted,Undrafted,Undrafted
1631374,Richard Kunz,Cholet,USA,6-0,190,Forward,Undrafted,Undrafted,Undrafted
1631375,Brian Miller,North Carolina,Lithuania,6-7,205,Center-Forward,Undrafted,Undrafted,Undrafted
1631376,Guadalupe Ashton,Duke,Canada,6-6,200,Guard-Forward,Undrafted,Undrafted,Undrafted
1631377,Alan Bryant,Iowa State,USA,6-5,311,Guard-Forward,Undrafted,Undrafted,Undrafted
1631378,Mark Robinson,Virginia,USA,6-1,225,Guard-Forward,Undrafted,Undrafted,Undrafted
1631379,Alex Robb,NBA G League Ignite,USA,5-11,245,Guard,Undrafted,Undrafted,Undrafted
1631380,Paul Reynolds,Florida,USA,6-7,248,Guard,Undrafted,Undrafted,Undrafted
1631381,James Baker,Fenerbahce,USA,6-3,245,Guard,Undrafted,Undrafted,Undrafted
1631382,George Brady,Murray State,USA,6-6,198,Guard-Forward,Undrafted,Undrafted,Undrafted
1631383,Richard Keever,Villanova,Australia,6-6,201,Center-Forward,Undrafted,Undrafted,Undrafted
1631384,Douglas Moua,Butler,USA,6-5,183,Guard-Forward,Undrafted,Undrafted,Undrafted
1631385,Richard Sharp,Michigan,France,6-4,231,Guard,Undrafted,Undrafted,Undrafted
1631386,Justin Lewis,Washington,USA,6-5,167,Guard,Undrafted,Undrafted,Undrafted
1631387,Rueben Blodgett,Texas,USA,6-6,210,Forward-Center,Undrafted,Undrafted,Undrafted
1631388,Thomas Maines,North Carolina State,USA,6-3,220,Center-Forward,Undrafted,Undrafted,Undrafted
1631389,George Demaire,Southern California,USA,6-1,185,Guard-Forward,Undrafted,Undrafted,Undrafted
1631390,Brett Mock,Houston,USA,6-8,230,Forward,Undrafted,Undrafted,Undrafted
1631391,Troy France,Colorado,USA,5-10,219,Guard,Undrafted,Undrafted,Undrafted
1631392,George Mccullough,New Mexico State,Canada,6-7,240,Forward,Undrafted,Undrafted,Undrafted
1631393,Laurence Timmons,Strasbourg IG,USA,6-8,208,Center,Undrafted,Undrafted,Undrafted
1631394,Calvin Ferland,Alabama,USA,6-11,202,Forward-Center,Undrafted,Undrafted,Undrafted
1631395,Robert Cortez,Missouri,USA,5-11,195,Guard,Undrafted,Undrafted,Undrafted
1631396,Lonnie Henderson,Villanova,USA,6-6,230,Guard,Undrafted,Undrafted,Undrafted
1631397,Leroy Crafton,Villanova,USA,6-9,165,Guard,Undrafted,Undrafted,Undrafted
1631398,George Patrick,Iowa State,USA,6-2,201,Guard,Undrafted,Undrafted,Undrafted
1631399,Larry Hamilton,Virginia,Canada,6-10,182,Forward,Undrafted,Undrafted,Undrafted
1631400,Aaron Carter,Florida,USA,6-8,215,Guard,Undrafted,Undrafted,Undrafted
1631401,Stephen Wright,Texas Tech,USA,6-9,202,Center,Undrafted,Undrafted,Undrafted
1631402,Christopher Odonnell,Vanderbilt,USA,5-11,190,Guard,Undrafted,Undrafted,Undrafted
1631403,Norman Delcolle,Duke,Slovenia,6-5,215,Forward-Guard,Undrafted,Undrafted,Undrafted
1631404,Vernon Jebb,Kentucky,USA,6-7,205,Guard,Undrafted,Undrafted,Undrafted
1631405,Javier Loiacono,Oklahoma State,Argentina,6-3,220,Forward,Undrafted,Undrafted,Undrafted
1631406,Robert Jackson,UNC-Wilmington,USA,6-6,195,Guard,Undrafted,Undrafted,Undrafted
1631407,Clifton Mcentyre,Princeton,Greece,6-9,255,Guard,Undrafted,Undrafted,Undrafted
1631408,Tyrone Hollingsworth,Duke,USA,6-10,195,Center-Forward,Undrafted,Undrafted,Undrafted
1631409,Marion Jackson,Arkansas,USA,6-3,257,Forward,Undrafted,Undrafted,Undrafted
1631410,Floyd Premo,Tennessee,USA,6-7,190,Forward-Guard,Undrafted,Undrafted,Undrafted
1631411,Devin Laseter,Arizona,Senegal,6-4,210,Center,Undrafted,Undrafted,Undrafted
1631412,Felipe Newberg,Michigan,USA,7-0,195,Forward,Undrafted,Undrafted,Undrafted
1631413,Clement Stricklin,Duke,USA,6-11,180,Forward,Undrafted,Undrafted,Undrafted
1631414,Ellis Hunter,                                   ,Spain,7-0,201,Guard,Undrafted,Undrafted,Undrafted
1631415,James Teneyck,New Zealand Breakers,USA,6-11,202,Guard,Undrafted,Undrafted,Undrafted
1631416,Bryan Bloom,Gonzaga,Nigeria,6-9,214,Forward,Undrafted,Undrafted,Undrafted
1631417,Richard Holmes,Texas,USA,6-5,187,Forward,Undrafted,Undrafted,Undrafted
1631418,Justin Troutman,Memphis,USA,6-3,236,Guard-Forward,Undrafted,Undrafted,Undrafted
1631419,Frank Charley,Arkansas,USA,6-9,197,Forward,Undrafted,Undrafted,Undrafted
1631420,Thomas Saunders,Stanford,USA,6-4,245,Forward,Undrafted,Undrafted,Undrafted
1631421,Richard Stoltz,Virginia Tech,USA,6-7,240,Guard,Undrafted,Undrafted,Undrafted
1631422,Larry Ly,Colorado,USA,6-4,256,Guard,Undrafted,Undrafted,Undrafted
1631423,Martin Rowe,Utah State,Sudan,6-3,215,Forward,Undrafted,Undrafted,Undrafted
1631424,Kenneth Carrier,Gonzaga,USA,6-10,270,Forward-Guard,Undrafted,Undrafted,Undrafted
1631425,Johnson Wilkes,Virginia,Slovenia,6-5,206,Forward,Undrafted,Undrafted,Undrafted
1631426,James Douglas,Wisconsin,USA,6-6,185,Guard,Undrafted,Undrafted,Undrafted
1631427,Craig Brown,TCU,USA,6-6,215,Forward,Undrafted,Undrafted,Undrafted
1631428,Douglas Estes,Kansas State,USA,6-5,215,Forward,Undrafted,Undrafted,Undrafted
1631429,Calvin Hardin,Tennessee,USA,5-10,174,Guard-Forward,Undrafted,Undrafted,Undrafted
1631430,Lamar Lint,Florida State,Canada,6-4,197,Guard,Undrafted,Undrafted,Undrafted
1631431,Trent Davis,San Diego State,USA,6-7,230,Center-Forward,Undrafted,Undrafted,Undrafted
1631432,Gerald Emery,Connecticut,USA,6-1,204,Guard,Undrafted,Undrafted,Undrafted
1631433,Ryan Fuller,Auburn,USA,6-5,195,Guard,Undrafted,Undrafted,Undrafted
1631434,Juan Meis,Virginia,France,6-5,173,Guard,Undrafted,Undrafted,Undrafted
1631435,John Benavidez,Lehigh,USA,Height,250,Forward,Undrafted,Undrafted,Undrafted
1631436,Abraham Maxey,North Carolina,USA,6-8,190,Guard,Undrafted,Undrafted,Undrafted
1631437,Louis Butler,Seton Hall,USA,6-8,215,Guard,Undrafted,Undrafted,Undrafted
1631438,Omar Luciano,Louisiana State,USA,6-7,220,Forward,Undrafted,Undrafted,Undrafted
1631439,Kyle Cayer,Southern California,USA,6-7,205,Forward,Undrafted,Undrafted,Undrafted
1631440,Willie Zaiser,Syracuse,USA,6-4,167,Forward,Undrafted,Undrafted,Undrafted
1631441,Jon Bruns,Lehigh,USA,6-9,174,Guard,Undrafted,Undrafted,Undrafted
1631442,Matthew Weaver,Indiana,USA,6-0,234,Forward,Undrafted,Undrafted,Undrafted
1631443,Geoffrey Larish,Florida State,USA,6-6,270,Forward,Undrafted,Undrafted,Undrafted
1631444,Donald Enz,Wyoming,Canada,6-10,240,Guard,Undrafted,Undrafted,Undrafted
1631445,Charles Gill,Vermont,USA,7-2,210,Guard,Undrafted,Undrafted,Undrafted
1631446,Henry Dubow,Oklahoma State,USA,6-1,200,Guard-Forward,Undrafted,Undrafted,Undrafted
1631447,Samuel Jones,Gonzaga,USA,6-4,220,Center,Undrafted,Undrafted,Undrafted
1631448,Kenneth Bowman,Boise State,USA,6-4,230,Forward,Undrafted,Undrafted,Undrafted
1631449,Ronnie Richardson,Louisiana State,USA,6-7,229,Guard,Undrafted,Undrafted,Undrafted
1631450,John Mcmahon,Providence,USA,6-6,195,Guard,Undrafted,Undrafted,Undrafted
1631451,Mark Natal,Louisiana State,USA,6-1,237,Guard,Undrafted,Undrafted,Undrafted
1631452,Larry Matthews,Utah,USA,6-8,186,Center-Forward,Undrafted,Undrafted,Undrafted
1631453,Earl Crockwell,Villanova,USA,6-10,220,Guard,Undrafted,Undrafted,Undrafted
1631454,Christopher Navarro,Arkansas,Bahamas,6-8,209,Forward-Center,Undrafted,Undrafted,Undrafted
1631455,Richard Horabik,Southern Methodist,USA,7-0,219,Forward,Undrafted,Undrafted,Undrafted
1631456,Howard Lawler,Bucknell,USA,6-7,250,Forward,Undrafted,Undrafted,Undrafted
1631457,Lewis Richards,Georgia Tech,USA,6-2,202,Forward,Undrafted,Undrafted,Undrafted
1631458,Reginald Rusin,Olympiacos,USA,6-4,215,Guard,Undrafted,Undrafted,Undrafted
1631459,Arthur Santorelli,North Carolina State,Lithuania,6-10,195,Guard,Undrafted,Undrafted,Undrafted
1631460,Anthony Pickle,Michigan,USA,6-8,195,Guard-Forward,Undrafted,Undrafted,Undrafted
1631461,Todd Chantler,Virginia,USA,6-6,237,Forward,Undrafted,Undrafted,Undrafted
1631462,Jimmy Barbrick,Oregon,Ukraine,7-0,228,Guard,Undrafted,Undrafted,Undrafted
1631463,Sung Zimmerman,Stanford,USA,7-0,234,Center,Undrafted,Undrafted,Undrafted
1631464,John Hyde,                                   ,Slovenia,6-2,195,Forward-Guard,Undrafted,Undrafted,Undrafted
1631465,Alberto Bolden,Utah,USA,6-6,215,Forward,Undrafted,Undrafted,Undrafted
1631466,Philip Harryman,                                   ,USA,6-8,230,Guard,Undrafted,Undrafted,Undrafted
1631467,Galen Harrison,Missouri,USA,6-8,189,Forward,Undrafted,Undrafted,Undrafted
1631468,Walter Mcnutt,Arkansas,USA,6-5,250,Center-Forward,Undrafted,Undrafted,Undrafted
1631469,Jose Kurz,Miami,USA,6-9,200,Guard,Undrafted,Undrafted,Undrafted
1631470,Jeffrey Joseph,Southern California,USA,6-7,205,Guard,Undrafted,Undrafted,Undrafted
1631471,Terry Long,Penn State,USA,6-9,203,Guard,Undrafted,Undrafted,Undrafted
1631472,Lawrence Dean,Kentucky,USA,6-4,195,Forward,Undrafted,Undrafted,Undrafted
1631473,William Birchfield,IMG Academy (FL),USA,6-1,206,Forward,Undrafted,Undrafted,Undrafted
1631474,Martin Martinez,St. Joseph's (PA),USA,6-5,230,Forward,Undrafted,Undrafted,Undrafted
1631475,Allan Mcmillian,North Carolina,USA,6-8,215,Guard,Undrafted,Undrafted,Undrafted
1631476,Joshua Wormley,Lietuvos rytas Vilnius,Turkey,6-9,203,Forward,Undrafted,Undrafted,Undrafted
1631477,William Fields,Missouri,USA,6-8,234,Center-Forward,Undrafted,Undrafted,Undrafted
1631478,Milton Dudley,Georgia,Canada,6-4,215,Center,Undrafted,Undrafted,Undrafted
1631479,Noe Reynolds,Kentucky,USA,6-2,218,Forward,Undrafted,Undrafted,Undrafted
1631480,Leroy Brandenburg,West Virginia,USA,6-5,225,Guard-Forward,Undrafted,Undrafted,Undrafted
1631481,Kenneth Ling,Morehead State,USA,6-7,220,Guard,Undrafted,Undrafted,Undrafted
1631482,Mark Cramer,Texas,USA,6-8,185,Guard,Undrafted,Undrafted,Undrafted
1631483,Charles Deen,St. Joseph's (PA),USA,6-3,240,Forward-Center,Undrafted,Undrafted,Undrafted
1631484,John Han,Kentucky,Turkey,6-8,210,Forward,Undrafted,Undrafted,Undrafted
1631485,James Furman,Arizona,Canada,6-9,200,Guard,Undrafted,Undrafted,Undrafted
1631486,Dominick Hollingsworth,Iowa State,USA,6-4,210,Forward,Undrafted,Undrafted,Undrafted
1631487,David Smith,Bilbao,USA,6-10,257,Forward-Guard,Undrafted,Undrafted,Undrafted
1631488,Joe Sprecher,Georgetown,Canada,6-11,250,Forward-Center,Undrafted,Undrafted,Undrafted
1631489,Bryce Juarez,Texas A&M,USA,6-4,196,Guard-Forward,Undrafted,Undrafted,Undrafted
1631490,Christopher Krumholz,Syracuse,USA,6-4,210,Forward,Undrafted,Undrafted,Undrafted
1631491,James Hyatt,Villanova,USA,6-9,235,Forward,Undrafted,Undrafted,Undrafted
1631492,Casey Muzzey,Michigan,USA,6-11,205,Guard,Undrafted,Undrafted,Undrafted
1631493,David Fain,Miami,USA,6-4,238,Center,Undrafted,Undrafted,Undrafted
1631494,Stanley Mikasa,Baylor,USA,6-7,222,Forward,Undrafted,Undrafted,Undrafted
